station_id,name,address,evcs_mode_1,charging_protocol_1,evcs_mode_2,charging_protocol_2,longitude_latitude_z,longitude,latitude,city,province
evcs0001,SM Center Tuguegarao Downtown,"Luna St. Corner Mabini St., Sm Center Tuguegarao Downtown, 2nd Level Carpark, Ugac Sur, Tuguegarao City, Cagayan",Mode 3 (AC),Type 2,,,"17.6126551,121.7225617,19z",17.6126551,121.7225617,Tuguegarao City, Cagayan
evcs0002,ACMobility EV Charging Hub - INEC,"Agua Grande Mini Hydro Power Plant, Gf, Pancian, Pagudpud, Ilocos Norte",Mode 4 (DC),CCS Combo 2,,,"16.5953162,118.0683128,7z",16.5953162,118.0683128,Pagudpud, Ilocos Norte
evcs0003,SM City Laoag,"Ground Floor, Open Parking A, Bgy. No. 51-B, Nangalisan West, Laoag City, Ilocos Norte",Mode 3 (AC),Type 2,,,"16.3987723,119.3906049,8z",16.3987723,119.3906049,Laoag City, Ilocos Norte
evcs0004,ACMobility EV Charging Hub - Robinsons Place (Ilocos),"Gf, San Francisco (Pob.), San Nicolas, Ilocos Norte",Mode 3 (AC),Type 2,,,"16.3952847,119.3906049,8z",16.3952847,119.3906049,San Nicolas, Ilocos Norte
evcs0005,SM City Tuguegarao,"Bagay Road, Sm City Tuguegarao, Ground Floor, Open Parking E, Caritan Norte, Tuguegarao City, Cagayan",Mode 3 (AC),Type 2,,,"16.119538,119.8242208,8z",16.119538,119.8242208,Tuguegarao City, Cagayan
evcs0006,ACMobility EV Charging Hub - Robinsons Place (Tuguegarao),"Maharlika Highway, Gf, Tanza, Tuguegarao City, Cagayan",Mode 3 (AC),Type 2,,,"16.1192186,119.8303874,8z",16.1192186,119.8303874,Tuguegarao City, Cagayan
evcs0007,Solarius EV Charging - La Casa Blanca De Vigan Hotel,"Calle Crisologo, Basement Parking Area, Barangay V (Pob.), Vigan City, Ilocos Sur",Mode 3 (AC),Type 2,,,"16.1011085,119.3906023,8z",16.1011085,119.3906023,Vigan City, Ilocos Sur
evcs0008,Solarius EV Charging - Tampco Inn,"Tampco Inn Tampco, Provincial Road, Tampco Inn-Ground Floor, Appas, Tabuk City, Kalinga",Mode 3 (AC),Type 2,,,"16.0319363,119.7956537,8z",16.0319363,119.7956537,Tabuk City, Kalinga
evcs0009,Solarius EV Charging - Ilagan City Hotel,"B4 L18 Cityhomes SubdivisionAh26, Ground Floor, Alibagu, Ilagan City, Isabela",Mode 3 (AC),Type 2,,,"15.855557,119.8945241,8z",15.855557,119.8945241,Ilagan City, Isabela
evcs0010,Solarius EV Charging - Shop N' Go,"Ground Floor Beside Restaurant, Guibang, Gamu, Isabela",Mode 3 (AC),Type 2,,,"15.832304,119.8945239,8z",15.832304,119.8945239,Gamu, Isabela
evcs0011,SM City Cauayan,"Sm City Cauayan, Ground Floor, Open Parking A, District Ii (Pob.), Cauayan City, Isabela",Mode 3 (AC),Type 2,,,"15.773951,119.8480805,8z",15.773951,119.8480805,Cauayan City, Isabela
evcs0012,Solarius EV Charging - Casa Maria's BnB & Garden Cafe,"Ground Floor Beside Tennis Court, San Fabian, Echague, Isabela",Mode 3 (AC),Type 2,,,"15.6637012,119.8067769,8z",15.6637012,119.8067769,Echague, Isabela
evcs0013,ACMobility EV Charging Hub - Robinsons Place (Santiago),"3311 Avenue, Gf, Mabini, City Of Santiago, Isabela",Mode 3 (AC),Type 2,,,"15.6614032,119.7442644,8z",15.6614032,119.7442644,Santiago City, Isabela
evcs0014,ACMobility EV Charging Hub - Zen Hotel Santiago,"Maharlika Highway, Gf, Villasis, City Of Santiago, Isabela",Mode 3 (AC),Type 2,,,"15.6529306,119.7405342,8z",15.6529306,119.7405342,Santiago City, Isabela
evcs0015,ACMobility EV Charging Hub - 3K Hotel by Zen,"Maharlika Highway, Gf, Malvar, City Of Santiago, Isabela",Mode 3 (AC),Type 2,,,"15.6520724,119.7400694,8z",15.6520724,119.7400694,Santiago City, Isabela
evcs0016,Solarius EV Charging - Awesome Hotel,"Montemar Village Eagle Street, Ground Floor Parking Area, Ili Norte (Pob.), San Juan, La Union",Mode 3 (AC),Type 2,,,"15.6450416,119.390601,8z",15.6450416,119.390601,San Juan, La Union
evcs0017,Solarius EV Charging - Kahuna Beach Resort and Spa,"Urbiztondo National Highway, Ground Floor, Urbiztondo, San Juan, La Union",Mode 3 (AC),Type 2,,,"15.6346544,119.3860673,8z",15.6346544,119.3860673,San Juan, La Union
evcs0018,SM City La Union,"Diversion Road, Ground Floor, Open Parking B, Biday, City Of San Fernando, La Union",Mode 3 (AC),Type 2,,,"15.6181277,119.3906008,8z",15.6181277,119.3906008,San Fernando City, La Union
evcs0019,Solarius EV Charging - Bersantai La Union Beach Resort,"Purok 7 Munar Residence Road, Ground Floor, Parking Lot, San Francisco, City Of San Fernando, La Union",Mode 3 (AC),Type 2,,,"15.6077431,119.3814841,8z",15.6077431,119.3814841,San Fernando City, La Union
evcs0020,ACMobility EV Charging Hub - Robinsons Place (La Union),"Mac Arthur Highway, Gf, Sevilla, City Of San Fernando, La Union",Mode 3 (AC),Type 2,,,"15.6054998,119.3903121,8z",15.6054998,119.3903121,San Fernando City, La Union
evcs0021,Solarius EV Charging - 24/7 Inn,"Maharlika Highway, Ground Floor Parking Area, Bonfal Proper, Bayombong, Nueva Vizcaya",Mode 3 (AC),Type 2,,,"15.562681,120.2121329,9z",15.562681,120.2121329,Bayombong, Nueva Vizcaya
evcs0022,ACMobility EV Charging Hub - Zen Hotel Bayombong,"Gf, Bonfal Proper, Bayombong, Nueva Vizcaya",Mode 3 (AC),Type 2,,,"15.5606363,120.2108567,9z",15.5606363,120.2108567,Bayombong, Nueva Vizcaya
evcs0023,ACMobility EV Charging Hub - Mt. Camisong Forest Park and Events,"Sitio Peday, Gf, Loacan, Itogon, Benguet",Mode 3 (AC),Type 2,,,"15.5266232,120.125016,9z",15.5266232,120.125016,Itogon, Benguet
evcs0024,Addavolt Charging Station hosted by Wright Park Hotel,"Romulo Drive, Basement, Lualhati, Baguio City, Benguet",Mode 3 (AC),Type 2,,,"15.5164811,120.1250133,9z",15.5164811,120.1250133,Baguio City, Benguet
evcs0025,Solarius EV Charging - SotoGrande Baguio Hotel,"Sotogrande Baguio Hotel Interior Lot 92m From Leonard Wood Road, Ground Floor, Parking Lot No.56, Cabinet Hill-Teacher'S Camp, Baguio City, Benguet",Mode 3 (AC),Type 2,,,"15.5153796,120.1250133,9z",15.5153796,120.1250133,Baguio City, Benguet
evcs0026,SM City Baguio,"Upper Session, Sm City Baguio, Basement 5, Session Road Area, Baguio City, Benguet",Mode 3 (AC),Type 2,,GB/T AC,"15.5139861,120.1250133,9z",15.5139861,120.1250133,Baguio City, Benguet
evcs0027,Addavolt Charging Station hosted by El Cielito,"Engineer's Hill, 50 North Dr., Engineers' Hill, Baguio City, Benguet",Mode 3 (AC),Type 2,,,"15.512661,120.1250133,9z",15.512661,120.1250133,Baguio City, Benguet
evcs0028,ACMobility EV Charging Hub - John Hay Golf Club,"John Hay Special Economic Zone,Ordonio Drive, Loakan Road, Gf, Unit 2, Fort Del Pilar, Baguio City, Benguet",Mode 3 (AC),Type 2,,,"15.5122387,120.1250133,9z",15.5122387,120.1250133,Baguio City, Benguet
evcs0029,ACMobility EV Charging Hub - Baguio Ayala Land Technohub,"Ordonio Drive, Camp John Hay, Loakan Road, Gf (Outdoor Parking) Baguio Ayala Land Technohub, Scout Barrio, Baguio City, Benguet",Mode 3 (AC),Type 2,,GB/T AC,"15.5115093,120.1250133,9z",15.5115093,120.1250133,Baguio City, Benguet
evcs0030,ACMobility EV Charging Hub - John Hay Public Parking,"John Hay Special Economic Zone Ordonio Drive, Loakan Road, Gf, Unit 3, Fort Del Pilar, Baguio City, Benguet",Mode 3 (AC),Type 2,,,"15.5115093,120.1250133,9z",15.5115093,120.1250133,Baguio City, Benguet
evcs0031,ACMobility EV Charging Hub - John Hay Hotels Garden Wing,"John Hay Special Economic Zone Ordonio Drive, Loakan Road,, Gf, Unit 1, Fort Del Pilar, Baguio City, Benguet",Mode 3 (AC),Type 2,Mode 4 (DC),CCS Combo 2,"15.5115093,120.1250133,9z",15.5115093,120.1250133,Baguio City, Benguet
evcs0032,Addavolt Charging Station hosted by Lafaayette Luxury Suites Baguio,"Military Cut-Off, Basement 1, Military Cut-Off, Baguio City, Benguet",Mode 3 (AC),Type 2,,,"15.5103785,120.1250133,9z",15.5103785,120.1250133,Baguio City, Benguet
evcs0033,ACMobility EV Charging Hub - KIA Dealership Baguio,"5, Marco Highway, Sto Tomas Proper, Gf, Camp 7, Baguio City, Benguet",Mode 3 (AC),Type 2,Mode 4 (DC),CCS Combo 2,"15.5042854,120.1250133,9z",15.5042854,120.1250133,Baguio City, Benguet
evcs0034,Solarius EV Charging - Solarius HQ,"National Highway, Ground Floor Beside Shell Station, San Antonio North, Bambang, Nueva Vizcaya",Mode 3 (AC),Type 2,,,"15.4934261,120.1752507,9z",15.4934261,120.1752507,Bambang, Nueva Vizcaya
evcs0035,Solarius EV Charging - Dianao Beach Club and Resort,"Dianao Beach Club And ResortCasiguran-Dilasag Provincial Road, Ground Floor, Diniog, Dilasag, Aurora",Mode 3 (AC),Type 2,Type 2,,"15.4688139,120.060021,8z",15.4688139,120.060021,Dilasag, Aurora
evcs0036,Panville Unique Distributors Corporation,"Tplex Rosario Exit, Tplex Rotunda, Subusub, Rosario, La Union",Mode 3 (AC),Type 2,Mode 4 (DC),CCS Combo 2,"15.4217491,120.1394175,9z",15.4217491,120.1394175,Rosario, La Union
evcs0037,Evro - Shell Recharge Rosario,"Gf Shell Rosario, Subusub, Rosario, La Union",Mode 3 (AC),Type 2,Mode 4 (DC),CCS Combo 2,"15.4214283,120.1394822,9z",15.4214283,120.1394822,Rosario, La Union
evcs0038,"Gazz Up, Inc. -Rosario La Union","Ground Floor, Camp One, Rosario, La Union",Mode 3 (AC),Type 2,,,"15.4210118,120.1394822,9z",15.4210118,120.1394822,Rosario, La Union
evcs0039,Solarius EV Charging - Midpoint Hotel,"Midpoint Hotel Manila N. Road, Midpoint Hotel-Basement 1, Camp One, Rosario, La Union",Mode 3 (AC),Type 2,,,"15.4210118,120.1394822,9z",15.4210118,120.1394822,Rosario, La Union
evcs0040,ACMobility EV Charging Hub - Shell Tanaytay Alaminos Pangasinan,"Gf, Tanaytay, Alaminos City, Pangasinan",Mode 4 (DC),CCS Combo 2,,,"15.381381,119.8857861,9z",15.381381,119.8857861,Alaminos City, Pangasinan
evcs0041,ACMobility EV Charging Hub - Shell Mangaldan Pangasinan,"Rizal Avenue, Gf, Salay, Mangaldan, Pangasinan",Mode 4 (DC),CCS Combo 2,,,"15.3463451,120.0912232,9z",15.3463451,120.0912232,Mangaldan, Pangasinan
evcs0042,SM Center Dagupan,"M.H. Del Pilar St., Sm Center Dagupan, 2nd Level, Herrero, Dagupan City, Pangasinan",Mode 3 (AC),Type 2,,,"15.3452294,120.0617633,9z",15.3452294,120.0617633,Dagupan City, Pangasinan
evcs0043,Solarius EV Charging - Lenox Hotel,"Rizal Street, Ground Floor Lenox Hotel, Barangay Ii (Nueva), Dagupan City, Pangasinan",Mode 3 (AC),Type 2,,,"15.3452294,120.0607578,9z",15.3452294,120.0607578,Dagupan City, Pangasinan
evcs0044,Addavolt Charging Station hosted by Pangsinan Capitol Station,"Pangasinan Capitol Grounds, Poblacion, Lingayen, Pangasinan",Mode 3 (AC),Type 2,,,"15.3251131,119.9999866,9z",15.3251131,119.9999866,Lingayen, Pangasinan
evcs0045,ACMobility EV Charging Hub - One Esplanade Business and Lifestyle Center,"Judge Jose De Venecia, Gf, Lucao, Dagupan City, Pangasinan",Mode 3 (AC),Type 2,,,"15.3210252,119.9999866,9z",15.3210252,119.9999866,Dagupan City, Pangasinan
evcs0046,ACMobility EV Charging Hub - BYD Dealership Pangasinan,"Urdaneta Junction - Dagupan Road, Gf, Nalsian, Calasiao, Pangasinan",Mode 3 (AC),Type 2,Mode 4 (DC),CCS Combo 2,"15.319205,120.0660558,9z",15.319205,120.0660558,Calasiao, Pangasinan
evcs0047,Addavolt Charging Station hosted by Lisland Rainforest Resort,"McArthur Hi-Way, Ground Level, San Vicente, Urdaneta City, Pangasinan",Mode 3 (AC),Type 2,,,"15.3102772,120.1748098,9z",15.3102772,120.1748098,Urdaneta City, Pangasinan
evcs0048,ACMobility EV Charging Hub - CB Mall Urdaneta,"Cb Mall, Mcarthur Highway, Gf, Nancayasan, Urdaneta City, Pangasinan",Mode 3 (AC),Type 2,Mode 4 (DC),CCS Combo 2,"15.3102772,120.1748098,9z",15.3102772,120.1748098,Urdaneta City, Pangasinan
evcs0049,SM City Urdaneta Central,"Mac Arthur Highway, Sm City Urdaneta Central, Basement, Nancayasan, Urdaneta City, Pangasinan",Mode 3 (AC),Type 2,,,"15.3102772,120.1748098,9z",15.3102772,120.1748098,Urdaneta City, Pangasinan
evcs0050,"Department of Energy - Rosales, Pangasinan","Pangasinan Road, Ground Floor In Front Of Doe Luzon Field Office Building, Government Center, Nueva Viscaya -, Carmay East, Rosales, Pangasinan",Mode 3 (AC),Type 2,,GB/T AC,"15.263064,120.1748097,9z",15.263064,120.1748097,Rosales, Pangasinan
evcs0051,SM City Rosales,"Sm City Rosales, Ground Floor, Open Parking C, Carmen East, Rosales, Pangasinan",Mode 3 (AC),Type 2,,,"15.2480548,120.1748097,9z",15.2480548,120.1748097,Rosales, Pangasinan
evcs0052,Galaxy Charge - North Victoria Sports & Leisure Inn,"Maluid, Victoria, Tarlac",Mode 3 (AC),Type 2,,,"15.0885133,120.5046175,10z",15.0885133,120.5046175,Victoria, Tarlac
evcs0053,SM Megacenter Cabanatuan,"Gen. Tinio St., Sm City Cabanatuan, Ground Level Open Parking, Gen. Tinio St., San Roque Norte, Cabanatuan City, Nueva Ecija",Mode 3 (AC),Type 2,,,"15.0739046,120.5046175,10z",15.0739046,120.5046175,Cabanatuan City, Nueva Ecija
evcs0054,SM City Cabanatuan,"Maharlika Highway, Sm City Cabanatuan, Covered Parking 2, Upper Ground Level, Hermogenes C. Concepcion, Sr., Cabanatuan City, Nueva Ecija",Mode 3 (AC),Type 2,,,"15.068001,120.5046175,10z",15.068001,120.5046175,Cabanatuan City, Nueva Ecija
evcs0055,ACMobility EV Charging Hub - Microtel by Wyndham Cabanatuan,"Purok 2, Gf, Santa Arcadia, Cabanatuan City, Nueva Ecija",Mode 3 (AC),Type 2,,,"15.068001,120.5046175,10z",15.068001,120.5046175,Cabanatuan City, Nueva Ecija
evcs0056,SM City Tarlac,"MacArthur Highway, Sm City Tarlac, Ground Level Carpark Area, San Roque, City Of Tarlac, Tarlac",Mode 3 (AC),Type 2,,,"15.0546261,120.5046175,10z",15.0546261,120.5046175,Tarlac City, Tarlac
evcs0057,ACMobility EV Charging Hub - Microtel by Wyndham Tarlac,"Luisita Industrial Park Road, Gf, San Miguel, City Of Tarlac, Tarlac",Mode 3 (AC),Type 2,,,"15.0295408,120.5046175,10z",15.0295408,120.5046175,Tarlac City, Tarlac
evcs0058,Solarius EV Charging - Saint Pio Medical Hospital,"Saint Pio Medical CenterGovic Highway, Ground Floor Parking Lot, Zone 6 Pob. (Baytan), Iba, Zambales",Mode 3 (AC),Type 2,,,"14.9713065,119.8853218,9z",14.9713065,119.8853218,Iba, Zambales
evcs0059,Solarius EV Charging - The Roof Bed & Breakfast,"National Highway, Ground Floor, Zone 4 Pob. (Sagapan), Iba, Zambales",Mode 3 (AC),Type 2,,,"14.9693745,119.8838652,9z",14.9693745,119.8838652,Iba, Zambales
evcs0060,Solarius EV Charging - Quest Plus Conference Center,"Clark Freeport Zone, Mimosa Drive, Fillnvest Mimosa+, Macapagal Village, Mabalacat City, Pampanga",Mode 3 (AC),Type 2,,,"14.9254182,120.4825745,10z",14.9254182,120.4825745,Mabalacat City, Pampanga
evcs0061,"ACMobility EV Charging Hub - Sandbox, Alviera","Alviera St., Gf, Dolores (Hacienda Dolores), Porac, Pampanga",Mode 3 (AC),Type 2,,,"14.9087477,120.475052,10z",14.9087477,120.475052,Porac, Pampanga
evcs0062,Hermosa Ecozone Industrial Park,"Ground Floor, Palihan, Hermosa, Bataan",Mode 3 (AC),Type 2,,,"14.9080399,120.1171085,9z",14.9080399,120.1171085,Hermosa, Bataan
evcs0063,SM City Bataan,"Lerma Street, Sm City Bataan, Ground Level, Ibayo, Balanga City, Bataan",Mode 3 (AC),Type 2,,,"14.9080399,120.1171085,9z",14.9080399,120.1171085,Balanga City, Bataan
evcs0064,SM City Olongapo Central,"Rizal Avenue Extension, Sm City Olongapo Central, Ground Level Carpark Building, East Tapinac, Olongapo City, Zambales",Mode 3 (AC),Type 2,,,"14.9080399,120.0325167,9z",14.9080399,120.0325167,Olongapo City, Zambales
evcs0065,SM City Olongapo Downtown,"Gordon Avenue, Sm City Olongapo Downtown, 5th Level Carpark Building, Pag-Asa, Olongapo City, Zambales",Mode 3 (AC),Type 2,,,"14.9080399,120.0324792,9z",14.9080399,120.0324792,Olongapo City, Zambales
evcs0066,ACMobility EV Charging Hub - Harbour Point by Ayala Malls,"Subic Bay, Rizal Highway, Gf, Kalaklan, Olongapo City, Zambales",Mode 3 (AC),Type 2,,,"14.9080399,120.0313682,9z",14.9080399,120.0313682,Olongapo City, Zambales
evcs0067,Sysnet Integrators Inc. - Olongapo City,"Central Business District, Subic Bay Freeport Zone 2222, PhilippinesLot B, Waterfront Road Rojas Street, Ground Floor Court Meridian Hotel And Suites Central Business District, Banicain, Olongapo City, Zambales",Mode 3 (AC),Type 2,,GB/T AC,"14.9080399,120.0304055,9z",14.9080399,120.0304055,Olongapo City, Zambales
evcs0068,ACMobility EV Charging Hub - Anvaya Cove Golf & Sports Club,"Gf, Mabayo, Morong, Bataan",Mode 3 (AC),Type 2,,,"14.9080399,120.0244083,9z",14.9080399,120.0244083,Morong, Bataan
evcs0069,Solarius EV Charging - Scubaholics,"Scubaholics, 77 National High Way, Scubaholics- Ground Floor, Barreto, Olongapo City, Zambales",Mode 3 (AC),Type 2,,,"14.9080399,120.0225112,9z",14.9080399,120.0225112,Olongapo City, Zambales
evcs0070,ACMobility EV Charging Hub - Anvaya Cove Beach & Nature Club,"Gf, Mabayo, Morong, Bataan",Mode 3 (AC),Type 2,,,"14.9080399,120.0189606,9z",14.9080399,120.0189606,Morong, Bataan
evcs0071,Solarius EV Charging - Hidaway Resort,"Pala-Pala Road, Lot 5d, Ground Floor, Pundaquit, San Antonio, Zambales",Mode 3 (AC),Type 2,,,"14.9080399,119.9248112,9z",14.9080399,119.9248112,San Antonio, Zambales
evcs0072,SM City Clark,"Central Boulevard, Clark-Mabalacat-Angeles Road, Sm City Clark Expansion, Sky Line Podium Parking, Ground Level, Dau, Mabalacat City, Pampanga",Mode 3 (AC),Type 2,,,"14.8927172,120.5109974,10z",14.8927172,120.5109974,Mabalacat City, Pampanga
evcs0073,SM City Telebastagan,"Macarthur Highway, Sm City Telabastagan, Ground Level, Open Parking A, Telabastagan, San Fernando City, Pampanga",Mode 3 (AC),Type 2,,,"14.8910216,120.5192703,10z",14.8910216,120.5192703,San Fernando City, Pampanga
evcs0074,N Charge - Newpoint Mall,"Teresa Street, Ground Floor Newpoint Mall Nepo Center, Santo Rosario (Pob.), Angeles City, Pampanga",Mode 3 (AC),Type 2,,,"14.8910216,120.515685,10z",14.8910216,120.515685,Angeles City, Pampanga
evcs0075,Solarius EV Charging - Oasis Hotel,"Clarkville Compound Sampaguita Street, Ground Floor Parking Lot, Balibago, Angeles City, Pampanga",Mode 3 (AC),Type 2,,,"14.8903914,120.5040901,10z",14.8903914,120.5040901,Angeles City, Pampanga
evcs0076,N Charge - eNtec1,"Nepo Center Teresa St, Ground Floor, Santo Rosario (Pob.), Angeles City, Pampanga",Mode 3 (AC),Type 2,,,"14.8850475,120.513323,10z",14.8850475,120.513323,Angeles City, Pampanga
evcs0077,ACMobility EV Charging Hub - Marquee Mall by Ayala Malls,"Aniceto Gueco Avenue, Gf, Pulung Maragul, Angeles City, Pampanga",Mode 3 (AC),Type 2,,,"14.8846104,120.5257667,10z",14.8846104,120.5257667,Angeles City, Pampanga
evcs0078,SM City San Fernando Downtown,"V. Tiomico St, San Fernando, 20140 Pampanga, Sm City San Fernando Downtown, 5th Level Carpark Building, Santo Rosario (Pob.), San Fernando City, Pampanga",Mode 3 (AC),Type 2,,,"14.8349715,120.5614261,10z",14.8349715,120.5614261,San Fernando City, Pampanga
evcs0079,SM City Pampanga,"Sm City Pampanga, Open Parking B, San Jose, San Fernando City, Pampanga",Mode 3 (AC),Type 2,,,"14.8321095,120.5680285,10z",14.8321095,120.5680285,San Fernando City, Pampanga
evcs0080,ACMobility EV Charging Hub - Microtel by Wyndham Pampanga,"Lgc Blvd. Laus Group Complex, Jose Abad Santos Ave, Gf, San Jose, San Fernando City, Pampanga",Mode 3 (AC),Type 2,,,"14.8289974,120.5646292,10z",14.8289974,120.5646292,San Fernando City, Pampanga
evcs0081,Solarius EV Charging - BYD Pampanga,"Byd Pampanga Jose Abad Santos Avenue, Ground Floor Parking Area, Dolores, San Fernando City, Pampanga",Mode 3 (AC),Type 2,,,"14.8289974,120.5572875,10z",14.8289974,120.5572875,San Fernando City, Pampanga
evcs0082,ACMobility EV Charging Hub - BYD Dealership San Fernando,"Villa Del Sol, Abad Santos Avenue, Gf, San Juan, San Fernando City, Pampanga",Mode 3 (AC),Type 2,Mode 4 (DC),CCS Combo 2,"14.8289974,120.5572161,10z",14.8289974,120.5572161,San Fernando City, Pampanga
evcs0083,ACMobility EV Charging Hub - Metro Oil DRT Station,"Dona Remedios Trinidad Highway, Gf, Santo Cristo, Baliuag, Bulacan",Mode 3 (AC),Type 2,,,"14.7929416,120.7950105,11z",14.7929416,120.7950105,Baliuag, Bulacan
evcs0084,ACMobility EV Charging Hub - Total NLEX,"Northbound, Gf, Sampaloc, Apalit, Pampanga",Mode 3 (AC),Type 2,Mode 4 (DC),CCS Combo 2,"14.7919483,120.6004478,10z",14.7919483,120.6004478,Apalit, Pampanga
evcs0085,SM City Baliwag,"Dona Remedios Trinidad Highway, Sm City Baliwag, Terminal, 2nd Level, Pagala, Baliuag, Bulacan",Mode 3 (AC),Type 2,,,"14.7895796,120.7950105,11z",14.7895796,120.7950105,Baliuag, Bulacan
evcs0086,ACMobility EV Charging Hub - BYD Dealership Baliwag,"Dona Remedios Trinidad Highway Sabang, Gf, Pinagbarilan, Baliuag, Bulacan",Mode 3 (AC),Type 2,Mode 4 (DC),CCS Combo 2,"14.7866666,120.7950105,11z",14.7866666,120.7950105,Baliuag, Bulacan
evcs0087,SM Center Pulilan,"Plaridel - Pulilan Diversion Road, Sm Center Pulilan, Ground Floor, Parking C, Santo Cristo, Pulilan, Bulacan",Mode 3 (AC),Type 2,,,"14.7585005,120.8208867,11z",14.7585005,120.8208867,Pulilan, Bulacan
evcs0088,Solarius EV Charging - Aerostop Hotel & Restaurant,"Airport Rd., Ground Floor Parking Area, Lumang Bayan, Plaridel, Bulacan",Mode 3 (AC),Type 2,,,"14.7558645,120.8128512,11z",14.7558645,120.8128512,Plaridel, Bulacan
evcs0089,DCHARGE-Vista Mall Malolos Branch,"Vista Mall Malolos, Mac Arthur Highway, Gf Parking Area, Longos, Malolos City, Bulacan",Mode 4 (DC),CCS Combo 2,,Type 2,"14.7469466,120.6192359,10z",14.7469466,120.6192359,Malolos City, Bulacan
evcs0090,V-Green Xeland Montalban,"Rodriguez Avenue, Ground Floor, 3e, San Jose, Rodriguez (Montalban), Rizal",Mode 4 (DC),CCS Combo 2,,CCS Combo 1,"14.7295259,121.1413697,19z",14.7295259,121.1413697,Rodriguez (Montalban), Rizal
evcs0091,ACMobility EV Charging Hub - Healthway Qualimed Hospital San Jose del Monte,"Altaraza Town Center, Lower Gf, Tungkong Mangga, San Jose Del Monte City, Bulacan",Mode 3 (AC),Type 2,,,"14.7070832,121.0041049,12z",14.7070832,121.0041049,San Jose Del Monte City, Bulacan
evcs0092,SM City San Jose Del Monte,"Quirino Highway, Sm City San Jose Del Monte, Basement 1 Carpark Area, Tungkong Mangga, San Jose Del Monte City, Bulacan",Mode 3 (AC),Type 2,,,"14.7027699,121.0041049,12z",14.7027699,121.0041049,San Jose Del Monte City, Bulacan
evcs0093,Valucore Business Ventures Corporation,"North Luzon Expressway, Km. 23, Lias, Marilao, Bulacan",Mode 4 (DC),CCS Combo 2,,,"14.6914225,120.9498666,12z",14.6914225,120.9498666,Marilao, Bulacan
evcs0094,SM City Marilao,"Ibayo - Mc Arthur Highway, Sm City Marialo, Ground Floor, Parking, Ibayo, Marilao, Bulacan",Mode 3 (AC),Type 2,,,"14.6870207,120.9458399,12z",14.6870207,120.9458399,Marilao, Bulacan
evcs0095,SM City Caloocan,"Malapitan Road Cor. Deparo Road North Caloocan, Sm City Caloocan, 3rd Floor Deparo Road Bagumbong, Caloocan City, Barangay 171, Caloocan City, National Capital Region - Third District",Mode 3 (AC),Type 2,,,"14.6845001,120.9739982,12z",14.6845001,120.9739982,Caloocan City, National Capital Region - Third District
evcs0096,ACMobility EV Charging Hub - Ayala Malls Fairview Terraces,"Maligaya St., Lg, Pasong Putik Proper (Pasong Putik), Quezon City, National Capital Region - Second District",Mode 3 (AC),Type 2,,,"14.6782015,121.0446279,13z",14.6782015,121.0446279,Quezon City, National Capital Region - Second District
evcs0097,ACMobility EV Charging Hub - Landers Superstore Fairview,"Belfast Avenue, Cor Quirino Hwy, Novaliches, B1 Parking Area, Greater Lagro, Quezon City, National Capital Region - Second District",Mode 3 (AC),Type 2,,,"14.6770543,121.0235084,13z",14.6770543,121.0235084,Quezon City, National Capital Region - Second District
evcs0098,SM City Fairview,"Quirino Highway Corner Regalado Ave. Novaliches Quezon City, Sm City Fairview, Level 2 Covered Parking, Greater Lagro, Quezon City, National Capital Region - Second District",Mode 3 (AC),Type 2,,,"14.6759065,121.0439955,13z",14.6759065,121.0439955,Quezon City, National Capital Region - Second District
evcs0099,SM City Novaliches,"Sm City Novaliches, Ground Level Open Parking, San Bartolome, Quezon City, National Capital Region - Second District",Mode 3 (AC),Type 2,,,"14.6635741,121.0235084,13z",14.6635741,121.0235084,Quezon City, National Capital Region - Second District
evcs0100,V-Green SM Novaliches,"Quirino Highway, Ground Floor, San Bartolome, Quezon City, National Capital Region - Second District",Mode 4 (DC),CCS Combo 2,,,"14.6635338,121.0235084,13z",14.6635338,121.0235084,Quezon City, National Capital Region - Second District
evcs0101,ACMobility EV Charging Hub - Valenzuela City Hall,"Maysan Road, Mcarthur Highway,, Gf, Karuhatan, City Of Valenzuela, National Capital Region - Third District",Mode 4 (DC),CCS Combo 2,,,"14.6570891,120.9525899,12z",14.6570891,120.9525899,Valenzuela City, National Capital Region - Third District
evcs0102,V-Green Caloocan Depot,"Baesa Rose Street, Unit 37, Ground Floor, Barangay 160, Caloocan City, National Capital Region - Third District",Mode 4 (DC),CCS Combo 2,,,"14.6546769,120.9691535,12z",14.6546769,120.9691535,Caloocan City, National Capital Region - Third District
evcs0103,SM City San Mateo,"General Luna Avenue, Sm City San Mateo, 4th Level Carpark Building, Ampid I, San Mateo, Rizal",Mode 3 (AC),Type 2,,,"14.6519182,121.0758512,13z",14.6519182,121.0758512,San Mateo, Rizal
evcs0104,ACMobility EV Charging Hub - BPI Commonwealth,"Barangay Holy Spirit, Lgf, Holy Spirit, Quezon City, National Capital Region - Second District",Mode 3 (AC),Type 2,,,"14.6518405,121.0372793,13z",14.6518405,121.0372793,Quezon City, National Capital Region - Second District
evcs0105,SM City Valenzuela,"Macarthur Highway, Sm City Valenzuela, Ground Level Carpark Area, Karuhatan, City Of Valenzuela, National Capital Region - Third District",Mode 3 (AC),Type 2,,,"14.6487996,120.9531446,12z",14.6487996,120.9531446,Valenzuela City, National Capital Region - Third District
evcs0106,SM Center Sangandaan,"Marcelo H. Del Pilar Street, Sm Center Sangandaan, 2nd Level, Barangay 3, Caloocan City, National Capital Region - Third District",Mode 3 (AC),Type 2,,,"14.6487996,120.9521236,12z",14.6487996,120.9521236,Caloocan City, National Capital Region - Third District
evcs0107,ACMobility EV Charging Hub - Microtel by Wyndham UP Technohub,"Commonwealth Avenue, Gf, U.P. Campus, Quezon City, National Capital Region - Second District",Mode 3 (AC),Type 2,,,"14.6474131,121.0355695,13z",14.6474131,121.0355695,Quezon City, National Capital Region - Second District
evcs0108,RideBox Station Powerfill Tandang Sora 01,"Tandang Sora Avenue, 367, Culiat, Quezon City, National Capital Region - Second District",BSS,,,,"14.6463301,121.0310853,13z",14.6463301,121.0310853,Quezon City, National Capital Region - Second District
evcs0109,SM Center Congressional,"Sm Center Congressional, Basement, Bahay Toro, Quezon City, National Capital Region - Second District",Mode 3 (AC),Type 2,,,"14.6463301,121.0278877,13z",14.6463301,121.0278877,Quezon City, National Capital Region - Second District
evcs0110,NORTH LUVEN GAS STATION,"Mindanao Avenue, Lots 6 & 7, Bahay Toro, Quezon City, National Capital Region - Second District",BSS,,,,"14.6463301,121.0261323,13z",14.6463301,121.0261323,Quezon City, National Capital Region - Second District
evcs0111,ACMobility EV Charging Hub - UP Techno Hub,"Commonwealth Avenue, Gf, U.P. Campus, Quezon City, National Capital Region - Second District",Mode 3 (AC),Type 2,,,"14.638006,121.0355695,13z",14.638006,121.0355695,Quezon City, National Capital Region - Second District
evcs0112,ACMobility EV Charging Hub - Landers Superstore Balintawak,"1240 E Delos Santos Ave., Gf, Apolonio Samson, Quezon City, National Capital Region - Second District",Mode 3 (AC),Type 2,,,"14.6371857,120.9744134,12z",14.6371857,120.9744134,Quezon City, National Capital Region - Second District
evcs0113,ACMobility EV Charging Hub - Ayala Malls Marikina,"Liwasang Kalayaan, Gf, Marikina Heights (Concepcion), City Of Marikina, National Capital Region - Second District",Mode 3 (AC),Type 2,,,"14.6361699,121.0984558,15z",14.6361699,121.0984558,Marikina City, National Capital Region - Second District
evcs0114,GET PHILIPPINES INC - SM CITY NORTH EDSA,"North Avenue Cor. Edsa, Ground Floor, Santo Cristo, Quezon City, National Capital Region - Second District",Mode 4 (DC),CCS Combo 2,,,"14.6351745,121.0247368,13z",14.6351745,121.0247368,Quezon City, National Capital Region - Second District
evcs0115,SM North EDSA,"Edsa Cor North Ave., Sm North Edsa, North Towers Carpark, 3rd Level, Bagong Pag-Asa, Quezon City, National Capital Region - Second District",Mode 3 (AC),Type 2,,,"14.6351745,121.0247368,13z",14.6351745,121.0247368,Quezon City, National Capital Region - Second District
evcs0116,ACMobility EV Charging Hub - Vertis North,"Luna Cor. Sola Drive, L1 Roadside Estate, Bagong Pag-Asa, Quezon City, National Capital Region - Second District",Mode 3 (AC),Type 2,,GB/T AC,"14.6346114,121.0269794,13z",14.6346114,121.0269794,Quezon City, National Capital Region - Second District
evcs0117,ACMobility EV Charging Hub - Trinoma,"Edsa Cor. North Avenue, Level 2 Trinoma North Carpark Building, Bagong Pag-Asa, Quezon City, National Capital Region - Second District",Mode 3 (AC),Type 2,,GB/T AC,"14.6346114,121.0247368,13z",14.6346114,121.0247368,Quezon City, National Capital Region - Second District
evcs0118,Toyota North Edsa,"Epifanio De Los Santos Avenue, Ground Level, Ramon Magsaysay, Quezon City, National Capital Region - Second District",Mode 3 (AC),Type 2,Mode 4 (DC),CCS Combo 2,"14.6346114,121.0220506,13z",14.6346114,121.0220506,Quezon City, National Capital Region - Second District
evcs0119,SM City San Lazaro,"Felix Huertas 1003 Corner Ah Lacson Ave, Santa Cruz, Manila, Sm City San Lazaro, Lower Ground Level Carpark Building, Barangay 350, Santa Cruz, National Capital Region - Manila",Mode 3 (AC),Type 2,,,"14.6339077,120.9611992,12z",14.6339077,120.9611992,Santa Cruz, National Capital Region - Manila
evcs0120,Gogoro UP Town Center,"Katipunan Ave., Ground Floor (Phase 1 Parking Area) Up Town Center, U.P. Campus, Quezon City, National Capital Region - Second District",BSS,,,,"14.6337038,121.0671504,14z",14.6337038,121.0671504,Quezon City, National Capital Region - Second District
evcs0121,ACMobility EV Charging Hub - UP Town Center,"Open Parking Space 1, Katipunan Avenue,, Gf, U.P. Campus, Quezon City, National Capital Region - Second District",Mode 3 (AC),Type 2,Mode 4 (DC),CCS Combo 2,"14.6336031,121.0671504,14z",14.6336031,121.0671504,Quezon City, National Capital Region - Second District
evcs0122,SM City Grand Central,"Rizal Avenue Extension, Sm City Grand Central, Lower Ground Carpark, Barangay 88, Caloocan City, National Capital Region - Third District",Mode 3 (AC),Type 2,,,"14.6322645,120.9608323,12z",14.6322645,120.9608323,Caloocan City, National Capital Region - Third District
evcs0123,ACMobility EV Charging Hub - Ayala Malls Cloverleaf,"A. Bonifacio, 5f, Balingasa, Quezon City, National Capital Region - Second District",Mode 3 (AC),Type 2,,,"14.632021,120.9655081,12z",14.632021,120.9655081,Quezon City, National Capital Region - Second District
evcs0124,ACMobility EV Charging Hub - Avida Towers Cloverleaf,"A. Bonifacio Ave. Brgy. Lily Street, Level 1, Balingasa, Quezon City, National Capital Region - Second District",Mode 3 (AC),Type 2,,,"14.632021,120.9655081,12z",14.632021,120.9655081,Quezon City, National Capital Region - Second District
evcs0125,PSR Holdings Inc.,"Eraño G. Manalo, Driveway Psr Holdings Bldg. #75, Santo Niño, City Of Marikina, National Capital Region - Second District",Mode 4 (DC),CCS Combo 2,,,"14.6311955,121.0889988,15z",14.6311955,121.0889988,Marikina City, National Capital Region - Second District
evcs0126,SM City Sta. Mesa,"R. Magsaysay, Cor. G. Araneta Ave., Sm City Sta. Mesa, 4th Level Carpark Building, Doña Imelda, Quezon City, National Capital Region - Second District",Mode 3 (AC),Type 2,,,"14.6300496,120.9756074,12z",14.6300496,120.9756074,Quezon City, National Capital Region - Second District
evcs0127,ACMobility EV Charging Hub - BPI Grace Park 11th Avenue,"690 Rizal Ave. Extension, Grace Park, Gf, Barangay 91, Caloocan City, National Capital Region - Third District",Mode 3 (AC),Type 2,,,"14.6299491,120.9560815,12z",14.6299491,120.9560815,Caloocan City, National Capital Region - Third District
evcs0128,V-Green Vinfast Marikina,"Mayor Gil Street, Ground Floor, No. 8, Santo Niño, City Of Marikina, National Capital Region - Second District",Mode 3 (AC),Type 2,Mode 4 (DC),CCS Combo 2,"14.6297567,121.0902698,15z",14.6297567,121.0902698,Marikina City, National Capital Region - Second District
evcs0129,ACMobility EV Charging Hub - Avida Towers Sola,"Along Edsa, Vertis North, Gf, Bagong Pag-Asa, Quezon City, National Capital Region - Second District",Mode 3 (AC),Type 2,,,"14.6296854,121.0272874,13z",14.6296854,121.0272874,Quezon City, National Capital Region - Second District
evcs0130,V-Green One Katipunan Residences Inc,"261 Katipunan Ave, Loyola Heights, Quezon City, National Capital Region - Second District",Mode 4 (DC),CCS Combo 2,,,"14.6288674,121.0618652,14z",14.6288674,121.0618652,Quezon City, National Capital Region - Second District
evcs0131,V-Green Xeland Marikina,"Mayor Gil Fernando Avenue Corner Guerilla Street, Ground Floor, Santo NiñO, City Of Marikina, National Capital Region - Second District",Mode 4 (DC),CCS Combo 2,,,"14.6286559,121.088884,15z",14.6286559,121.088884,Marikina City, National Capital Region - Second District
evcs0132,ACMobility EV Charging Hub - Forest Hills Golf and Country Club,"1870 Marikina Infanta Highway, Gf, Inarawan, City Of Antipolo, Rizal",Mode 3 (AC),Type 2,,,"14.6285862,121.0651248,12z",14.6285862,121.0651248,Antipolo City, Rizal
evcs0133,Gogoro Philippines Inc. - ETON Centris,"Commerce Ave, Street Level, Pinyahan, Quezon City, National Capital Region - Second District",BSS,,,,"14.6258599,121.0298002,13z",14.6258599,121.0298002,Quezon City, National Capital Region - Second District
evcs0134,BYD Quezon Ave.,"718 Quezon Ave., Ground Floor, Tatalon, Quezon City, National Capital Region - Second District",Mode 3 (AC),Type 2,Mode 4 (DC),CCS Combo 2,"14.6255771,120.9715661,12z",14.6255771,120.9715661,Quezon City, National Capital Region - Second District
evcs0135,H2oto Wash - Quezon City,"Mother Ignacia Avenue, Ground Floor, Paligsahan, Quezon City, National Capital Region - Second District",Mode 4 (DC),GB/T DC,,,"14.6237583,121.0222359,13z",14.6237583,121.0222359,Quezon City, National Capital Region - Second District
evcs0136,SM City Manila,"Natividad Almeda-Lopez Cor A. Villegas And San Marcelino Streets, Sm City Manila, 3rd Level Carpark Building, Barangay 659, Ermita, National Capital Region - Manila",Mode 3 (AC),Type 2,,,"14.6237489,120.9598522,12z",14.6237489,120.9598522,Ermita, National Capital Region - Manila
evcs0137,ACMobility EV Charging Hub - BPI C3 Mabini,"193 A. Mabini St., Gf, Barangay 28, Caloocan City, National Capital Region - Third District",Mode 3 (AC),Type 2,,,"14.6235759,120.9558934,12z",14.6235759,120.9558934,Caloocan City, National Capital Region - Third District
evcs0138,Solarius EV Charging - Citadines Roces Quezon City,"Don A. Roces Avenue, 8th Floor, Obrero, Quezon City, National Capital Region - Second District",Mode 3 (AC),Type 2,,,"14.6232251,121.0243418,13z",14.6232251,121.0243418,Quezon City, National Capital Region - Second District
evcs0139,Solarius EV Charging - Soto Grande Hotel Katipunan,"Project 4, Katipunan Avenue, 181, Basement 1, Parking Lot, Bayanihan, Quezon City, National Capital Region - Second District",Mode 3 (AC),Type 2,,,"14.6231952,121.0628578,14z",14.6231952,121.0628578,Quezon City, National Capital Region - Second District
evcs0140,LUCKY CHINATOWN MALL,"5f Parking, Lucky Chinatown Mall, Barangay 293, Binondo, National Capital Region - Manila",Mode 3 (AC),Type 2,,GB/T AC,"14.6230126,120.9551446,12z",14.6230126,120.9551446,Binondo, National Capital Region - Manila
evcs0141,ACMobility EV Charging Hub - BYD Dealership Chinatown,"Juan Luna St, Plaza Lorenzo Ruiz, Gf, Barangay 289, Binondo, National Capital Region - Manila",Mode 4 (DC),CCS Combo 2,,,"14.6230126,120.9550115,12z",14.6230126,120.9550115,Binondo, National Capital Region - Manila
evcs0142,SM City Masinag,"Marcos Highway, Sm City Masinag, Ground Floor Covered Parking A, Mayamot, City Of Antipolo, Rizal",Mode 3 (AC),Type 2,,,"14.6227472,121.0889106,14z",14.6227472,121.0889106,Antipolo City, Rizal
evcs0143,ACMobility EV Charging Hub - Ayala Malls Feliz,"Marcos Highway Cor. Jp Rizal, 5f, Dela Paz, City Of Pasig, National Capital Region - Second District",Mode 3 (AC),Type 2,,,"14.6202928,121.0924174,16z",14.6202928,121.0924174,Pasig City, National Capital Region - Second District
evcs0144,Gogoro Philippines Inc. - Ayala Feliz,"J.P. Rizal St., Marikina-Infanta Highway, G/F, Dela Paz, City Of Pasig, National Capital Region - Second District",BSS,,,,"14.6200638,121.0917878,16z",14.6200638,121.0917878,Pasig City, National Capital Region - Second District
evcs0145,Santolan Town Plaza,"Col. Bonny Serrano Ave., 2f, Santolan Town Plaza, Little Baguio, San Juan City, National Capital Region - Second District",Mode 3 (AC),Type 2,,,"14.6188567,121.0264961,13z",14.6188567,121.0264961,San Juan City, National Capital Region - Second District
evcs0146,ACMobility EV Charging Hub - Bosch Car Service (Sumulong),"Sumulong Highway, Gf, Santa Cruz, City Of Antipolo, Rizal",Mode 3 (AC),Type 2,,,"14.6186985,121.0862277,13z",14.6186985,121.0862277,Antipolo City, Rizal
evcs0147,V-Green Cornerstone,"N. Domingo Street, 146 Ground Floor, Parking, Pedro Cruz, San Juan City, National Capital Region - Second District",Mode 4 (DC),CCS Combo 2,,,"14.6182749,120.9805464,12z",14.6182749,120.9805464,San Juan City, National Capital Region - Second District
evcs0148,Evro - Shell Recharge Greenhills - Missouri Parking,"Greenhills, Missouri Street, Basement Parking, Greenhills Shopping Center, Greenhills, San Juan City, National Capital Region - Second District",Mode 3 (AC),Type 2,,,"14.6178579,121.0354449,13z",14.6178579,121.0354449,San Juan City, National Capital Region - Second District
evcs0149,Evro - Shell Recharge Robinsons Magnolia,"Dona Hemady Corner Aurora Boulevard, Basement Robinsons Magnolia, Kaunlaran, Quezon City, National Capital Region - Second District",Mode 3 (AC),Type 2,,,"14.6170841,121.0273876,13z",14.6170841,121.0273876,Quezon City, National Capital Region - Second District
evcs0150,"Sysnet Integrators, Inc-Mapua University Intramuros Manila","Intramuros Manila 1002, PhilippinesMuralla Street, Common Ground Mapua University, Barangay 658, Intramuros, National Capital Region - Manila",Mode 3 (AC),Type 2,,,"14.6168357,120.9572741,12z",14.6168357,120.9572741,Intramuros, National Capital Region - Manila
evcs0151,EASTWOOD MALL,"Eastwood CityOrchard Road, Level 1 Basement Parking, Eastwood Mall, Bagumbayan, Quezon City, National Capital Region - Second District",Mode 3 (AC),Type 2,,,"14.6163061,121.0673336,14z",14.6163061,121.0673336,Quezon City, National Capital Region - Second District
evcs0152,Gogoro White Plains,"Katipunan Ave., Ground Floor, Bellitudo Bldg., Camp Aguinaldo, Quezon City, National Capital Region - Second District",BSS,,,,"14.6158853,121.0652321,14z",14.6158853,121.0652321,Quezon City, National Capital Region - Second District
evcs0153,ACMobility EV Charging Hub - Camp Aguinaldo Soldier's Mall,"A Luna Ave, Gf, Camp Aguinaldo, Quezon City, National Capital Region - Second District",Mode 3 (AC),Type 2,,,"14.6130184,121.0409526,13z",14.6130184,121.0409526,Quezon City, National Capital Region - Second District
evcs0154,ACMobility EV Charging Hub - Camp Aguinaldo Golf Course,"P. Santos Ave. Ghq Gate 3, Gf, Socorro, Quezon City, National Capital Region - Second District",Mode 3 (AC),Type 2,,,"14.6125703,121.0383432,13z",14.6125703,121.0383432,Quezon City, National Capital Region - Second District
evcs0155,Solarius EV Charging - Mercedes Benz Greenhills,"Icats Motors - Mercedes BenzEdsa, Ground Floor Parking Area, Greenhills, San Juan City, National Capital Region - Second District",Mode 4 (DC),CCS Combo 2,,,"14.6125703,121.0368945,13z",14.6125703,121.0368945,San Juan City, National Capital Region - Second District
evcs0156,Evro - Shell Recharge Connecticut Arcade,"Greenhills, Connecticut, Gf Connecticut Arcade Parking, Greenhills, San Juan City, National Capital Region - Second District",Mode 3 (AC),Type 2,,,"14.6125703,121.0344783,13z",14.6125703,121.0344783,San Juan City, National Capital Region - Second District
evcs0157,Solarius EV Charging - Viridian in Greenhills,"Viridian In Greenhills, Connecticut Corner Missouri St., Greenhills,, Viridian In Greenhills- Basement 5, Greenhills, San Juan City, National Capital Region - Second District",Mode 3 (AC),Type 2,,,"14.6125703,121.0334915,13z",14.6125703,121.0334915,San Juan City, National Capital Region - Second District
evcs0158,"Basic Energy Renewables Corporation - GF, 240 GM Bldg. EDSA","Edsa, Ground Floor, 240 Gm Bldg, Wack-Wack Greenhills, City Of Mandaluyong, National Capital Region - Second District",Mode 4 (DC),CCS Combo 2,,GB/T DC,"14.6125466,121.0368945,13z",14.6125466,121.0368945,Mandaluyong City, National Capital Region - Second District
evcs0159,Elaia Green Vehicles - Victory Park & Shop Charging Station,"M.L. Quezon St., Cor Oldan St.,, Basement 3, Victory Park & Shop, San Isidro (Pob.), City Of Antipolo, Rizal",Mode 4 (DC),DC REMA  DIN 320A,BSS,,"14.6110805,121.0551009,12z",14.6110805,121.0551009,Antipolo City, Rizal
evcs0160,ACMobility EV Charging Hub - ETY Building,"484 Quintin Paredes St, 3f, Barangay 291, Binondo, National Capital Region - Manila",Mode 3 (AC),Type 2,,,"14.6109125,120.9559801,12z",14.6109125,120.9559801,Binondo, National Capital Region - Manila
evcs0161,ACMobility EV Charging Hub - Starbucks Metropoli Drive Thru,"Metropoli E. Rodriguez Jr,Ave,, Gf, Bagumbayan, Quezon City, National Capital Region - Second District",Mode 3 (AC),Type 2,,,"14.6081815,121.0673361,14z",14.6081815,121.0673361,Quezon City, National Capital Region - Second District
evcs0162,Evro - Shell Recharge Robinsons Opus Bridgetowne,"Opus Mall Corner C5 Road, 2f Parking, Ugong Norte, Quezon City, National Capital Region - Second District",Mode 3 (AC),Type 2,,,"14.6081815,121.0673361,14z",14.6081815,121.0673361,Quezon City, National Capital Region - Second District
evcs0163,RBC Ortigas,"Ortigas Ave., B1 Tower 1, Rbc Ortigas, Ugong, City Of Pasig, National Capital Region - Second District",Mode 3 (AC),Type 2,,,"14.6072245,121.0643798,14z",14.6072245,121.0643798,Pasig City, National Capital Region - Second District
evcs0164,Shang Residences at Wack Wack,"Wack Wack Village, 575 Wack Wack Road, Ground Floor, Wack-Wack Greenhills, City Of Mandaluyong, National Capital Region - Second District",Mode 3 (AC),GB/T AC,,,"14.6071799,121.022729,13z",14.6071799,121.022729,Mandaluyong City, National Capital Region - Second District
evcs0165,Evro - Shell Recharge Robinsons Galleria,"Ortigas Center, Edsa Corner Ortigas Ave, Basement, Ugong Norte, Quezon City, National Capital Region - Second District",Mode 3 (AC),Type 2,,,"14.606129,121.0368945,13z",14.606129,121.0368945,Quezon City, National Capital Region - Second District
evcs0166,SM City East Ortigas,"Ortigas Ave. Ext., Sm City East Ortigas, Level 3 Multi Level Parking, Santa Lucia, City Of Pasig, National Capital Region - Second District",Mode 3 (AC),Type 2,,,"14.6055107,121.0548811,13z",14.6055107,121.0548811,Pasig City, National Capital Region - Second District
evcs0167,SM Center Pasig,"Ortigas East, Sm Center Pasig, Carpark Entrance 4 Column 6a, Basement, Ugong, City Of Pasig, National Capital Region - Second District",Mode 3 (AC),Type 2,,,"14.6047721,121.0673361,14z",14.6047721,121.0673361,Pasig City, National Capital Region - Second District
evcs0168,SM CENTER SHAW,"Shaw Blvd., Sm Center Shaw, 2nd Level Parking, Pleasant Hills, City Of Mandaluyong, National Capital Region - Second District",Mode 3 (AC),Type 2,,,"14.6034837,121.0323906,13z",14.6034837,121.0323906,Mandaluyong City, National Capital Region - Second District
evcs0169,"SERV CENTRAL, INC.","Shaw Boulevard Corner Torres Street, Ground Floor, Addition Hills, City Of Mandaluyong, National Capital Region - Second District",Mode 3 (AC),Type 2,,,"14.6034837,121.0257069,13z",14.6034837,121.0257069,Mandaluyong City, National Capital Region - Second District
evcs0170,Solarius EV Charging - EDSA Shangri-La,"Edsa Shangri-LaGarden Way, Lower Lobby Ortigas Center, Barangka Ilaya, City Of Mandaluyong, National Capital Region - Second District",Mode 3 (AC),Type 2,,,"14.6033886,121.038016,13z",14.6033886,121.038016,Mandaluyong City, National Capital Region - Second District
evcs0171,The Grove by Rockwell,"17 E. Rodriguez Jr Ave, Tower F Basement 1, Ugong, City Of Pasig, National Capital Region - Second District",Mode 3 (AC),Type 2,,,"14.6032528,121.0662082,14z",14.6032528,121.0662082,Pasig City, National Capital Region - Second District
evcs0172,SM Megamall,"J. Vargas, Sm Megamall Lower Ground Floor Building A, Wack-Wack Greenhills, City Of Mandaluyong, National Capital Region - Second District",Mode 3 (AC),Type 2,,,"14.6032258,121.0361968,13z",14.6032258,121.0361968,Mandaluyong City, National Capital Region - Second District
evcs0173,"Shangri-La Plaza, Mandaluyong","Shangri La Plaza , East Wing, Basement 1 Zone F, Wack-Wack Greenhills, City Of Mandaluyong, National Capital Region - Second District",Mode 4 (DC),CCS Combo 2,,,"14.6032258,121.0361968,13z",14.6032258,121.0361968,Mandaluyong City, National Capital Region - Second District
evcs0174,Arcovia City,"Arcovia City, Arcovia Showroom, Ground Level, Open Parking, Ugong, City Of Pasig, National Capital Region - Second District",Mode 3 (AC),Type 2,,GB/T AC,"14.6018066,121.0673361,14z",14.6018066,121.0673361,Pasig City, National Capital Region - Second District
evcs0175,ACMobility EV Charging Hub - Valley Golf and Country Club,"Don Celso S. Tuason Ave, Gf, Muntingdilaw, City Of Antipolo, Rizal",Mode 3 (AC),Type 2,,,"14.6016623,121.0800308,13z",14.6016623,121.0800308,Antipolo City, Rizal
evcs0176,ACMobility EV Charging Hub - Landers Superstore Arcovia,"99 Eulogio Rodriguez Jr. Ave, Gf, Ugong, City Of Pasig, National Capital Region - Second District",Mode 3 (AC),Type 2,,,"14.601619,121.0673361,14z",14.601619,121.0673361,Pasig City, National Capital Region - Second District
evcs0177,GET PHILIPPINES INC - AYALA MALLS THE 30TH,"30 Meralco Avenue, Ground Floor, Parking Area, Ugong, City Of Pasig, National Capital Region - Second District",Mode 4 (DC),CCS Combo 2,,,"14.6015361,121.0619587,14z",14.6015361,121.0619587,Pasig City, National Capital Region - Second District
evcs0178,ACMobility EV Charging Hub - Ayala Malls The 30th,"Meralco Avenue,, B1, Ugong, City Of Pasig, National Capital Region - Second District",Mode 3 (AC),Type 2,Mode 4 (DC),CCS Combo 2,"14.6015361,121.0619587,14z",14.6015361,121.0619587,Pasig City, National Capital Region - Second District
evcs0179,Evro - Shell Recharge Estancia Mall,"Capitol Commons, Meralco Avenue, Basement Parking West Wing, Estancia Mall, Oranbo, City Of Pasig, National Capital Region - Second District",Mode 3 (AC),Type 2,,,"14.6007158,121.041048,13z",14.6007158,121.041048,Pasig City, National Capital Region - Second District
evcs0180,Puregold Makati,"J.P. Rizal, 35, Tejeros, City Of Makati, National Capital Region - Fourth District",BSS,Type 2,,,"14.6005005,120.9669342,12z",14.6005005,120.9669342,Makati City, National Capital Region - Fourth District
evcs0181,RBC Sheridan,"Sheridan St. Cor. United St., Gf, Rbc Sheridan, Highway Hills, City Of Mandaluyong, National Capital Region - Second District",Mode 3 (AC),Type 2,,,"14.5999147,121.0371306,13z",14.5999147,121.0371306,Mandaluyong City, National Capital Region - Second District
evcs0182,ACMobility Power On Wheels Hub - Mandaluyong,"Greenfield District, 835 Sheridan St, Ground Floor, Highway Hills, City Of Mandaluyong, National Capital Region - Second District",Mode 4 (DC),CCS Combo 2,,,"14.5999147,121.0356281,13z",14.5999147,121.0356281,Mandaluyong City, National Capital Region - Second District
evcs0183,Sysnet Integrators Inc.,"Madison Street, 2 Flr. Parking Lot, Smdc Light Mall, Barangka Ilaya, City Of Mandaluyong, National Capital Region - Second District",Mode 3 (AC),Type 2,,GB/T AC,"14.5980898,121.0323922,13z",14.5980898,121.0323922,Mandaluyong City, National Capital Region - Second District
evcs0184,ACMobility EV Charging Hub - Portico Phase 1,"Sandstone Tower, Portico Phase 1, B1, Oranbo, City Of Pasig, National Capital Region - Second District",Mode 3 (AC),Type 2,,,"14.5975719,121.0623427,14z",14.5975719,121.0623427,Pasig City, National Capital Region - Second District
evcs0185,Sysnet Integrators Inc. - City of Mandaluyong,"Madison Street, Ground Floor Pioneer Highlands Tower 2, Barangka Ilaya, City Of Mandaluyong, National Capital Region - Second District",Mode 3 (AC),Type 2,,GB/T AC,"14.5975692,121.0323922,13z",14.5975692,121.0323922,Mandaluyong City, National Capital Region - Second District
evcs0186,ACMobility EV Charging Hub - Convergys One,"6796 Ayala Avenue Cor. Salcedo St, Gf, San Lorenzo, City Of Makati, National Capital Region - Fourth District",Mode 3 (AC),Type 2,,,"14.5975198,120.9669663,12z",14.5975198,120.9669663,Makati City, National Capital Region - Fourth District
evcs0187,SM City Taytay,"Manila East Road, Brgy. Dolores, Taytay, Rizal, Sm City Taytay, Carpark Building B Basement 1, Dolores (Pob.), Taytay, Rizal",Mode 3 (AC),Type 2,,,"14.5948208,121.0539655,12z",14.5948208,121.0539655,Taytay, Rizal
evcs0188,ACMobility EV Charging Hub - Ayala Triangle Gardens Tower 2,"Paseo De Roxas Cor. Makati Ave., B1 Ayala Gardens Tower 2, Bel-Air, City Of Makati, National Capital Region - Fourth District",Mode 3 (AC),Type 2,,GB/T AC,"14.594049,121.0221154,13z",14.594049,121.0221154,Makati City, National Capital Region - Fourth District
evcs0189,AIA Tower,"8767 Paseo De Roxas, 3rd Floor Parking Lot, Bel-Air, City Of Makati, National Capital Region - Fourth District",Mode 3 (AC),Type 2,,GB/T AC,"14.5940382,120.9792546,12z",14.5940382,120.9792546,Makati City, National Capital Region - Fourth District
evcs0190,ACMobility EV Charging Hub - One Ayala,"Ayala Ave. Cor. Edsa, Ug One Ayala, San Lorenzo, City Of Makati, National Capital Region - Fourth District",Mode 3 (AC),Type 2,,,"14.591719,121.0231011,13z",14.591719,121.0231011,Makati City, National Capital Region - Fourth District
evcs0191,ACMobility EV Charging Hub - Glorietta 4,"Courtyard Drive, B1 Glorietta 4, San Lorenzo, City Of Makati, National Capital Region - Fourth District",Mode 3 (AC),Type 2,,GB/T AC,"14.591719,121.0226328,13z",14.591719,121.0226328,Makati City, National Capital Region - Fourth District
evcs0192,ACMobility EV Charging Hub - 6750 Office Tower,"6750 Ayala Avenue, 6750 Office Tower, San Lorenzo, City Of Makati, National Capital Region - Fourth District",Mode 3 (AC),Type 2,,,"14.5917082,120.9807999,12z",14.5917082,120.9807999,Makati City, National Capital Region - Fourth District
evcs0193,Solarius EV Charging - The Peninsula Manila Hotel,"The Peninsula Manila HotelMakati Avenue, Ground Floor, Urdaneta, City Of Makati, National Capital Region - Fourth District",Mode 3 (AC),Type 2,,,"14.5917082,120.9805114,12z",14.5917082,120.9805114,Makati City, National Capital Region - Fourth District
evcs0194,ACMobility EV Charging Hub - The LInk 1 Carpark,"907, 1224 Antonio Arnaiz Ave, Gf, San Lorenzo, City Of Makati, National Capital Region - Fourth District",Mode 3 (AC),Type 2,,,"14.5917082,120.9804171,12z",14.5917082,120.9804171,Makati City, National Capital Region - Fourth District
evcs0195,ACMobility EV Charging Hub - Makati Stock Exchange Building,"Ayala Avenue, Upper Basement Makati Stock Exchange Building, Bel-Air, City Of Makati, National Capital Region - Fourth District",Mode 3 (AC),Type 2,,,"14.5917082,120.9798103,12z",14.5917082,120.9798103,Makati City, National Capital Region - Fourth District
evcs0196,ACMobility EV Charging Hub - Dela Rosa 1 Carpark,"Dela Rosa 1 Access Road 1, San Lorenzo,, Gf Under Ramp, San Lorenzo, City Of Makati, National Capital Region - Fourth District",Mode 3 (AC),Type 2,,,"14.5917082,120.9791562,12z",14.5917082,120.9791562,Makati City, National Capital Region - Fourth District
evcs0197,ACMobility EV Charging Hub - Ayala Tower One,"Ayala Avenue Corner Paseo De Roxas, B1 Tower One And Exchange Plaza Condominium Corporation, Bel-Air, City Of Makati, National Capital Region - Fourth Distric",Mode 3 (AC),Type 2,,,"14.5917082,120.9790921,12z",14.5917082,120.9790921,Makati City, National Capital Region - Fourth Distric
evcs0198,ACMobility EV Charging Hub - Corinthian Carpark,"Legazpi Village, Gamboa Street, Gf, San Lorenzo, City Of Makati, National Capital Region - Fourth District",Mode 4 (DC),CCS Combo 2,,,"14.5917082,120.9775191,12z",14.5917082,120.9775191,Makati City, National Capital Region - Fourth District
evcs0199,Gogoro Philippines - Seaoil - Makati (EDSA Guadalupe),"Edsa Gaudalupe, Santa Rita St., Ground Floor, Guadalupe Nuevo, City Of Makati, National Capital Region - Fourth District",BSS,,,,"14.5910035,121.0303004,13z",14.5910035,121.0303004,Makati City, National Capital Region - Fourth District
evcs0200,1 Proscenium EVCS,"Estrella, Basement Parking, Proscenium At Rockwell, San Lorenzo, City Of Makati, National Capital Region - Fourth District",Mode 3 (AC),Type 2,,,"14.5910035,121.0282265,13z",14.5910035,121.0282265,Makati City, National Capital Region - Fourth District
evcs0201,Rockwell Power Plant Mall,"Rockwell Dr. Cor. Estrella St., P1 Parking Power Plant Mall, Poblacion, City Of Makati, National Capital Region - Fourth District",Mode 4 (DC),CCS Combo 2,,,"14.5910035,121.0276471,13z",14.5910035,121.0276471,Makati City, National Capital Region - Fourth District
evcs0202,GET PHILIPPINES INC - AYALA MALLS CIRCUIT,"Hippodromo Cor. A.P. Reyes Avenue, Lower Level, Carmona, City Of Makati, National Capital Region - Fourth District",Mode 4 (DC),CCS Combo 2,,,"14.5909927,120.9777461,12z",14.5909927,120.9777461,Makati City, National Capital Region - Fourth District
evcs0203,ACMobility EV Charging Hub - Ayala Malls Circuit Makati Loc1,"C1r10-1, C1s10-2 (Circuit Mall) Hippodromo St, Gf, Carmona, City Of Makati, National Capital Region - Fourth District",Mode 3 (AC),Type 2,,,"14.5909927,120.9771138,12z",14.5909927,120.9771138,Makati City, National Capital Region - Fourth District
evcs0204,Roxas Triangle Towers Condominium Corporation,"Ground Floor, Cruzada St. Corner Paseo De Roxas, Admin Office, Urdaneta, City Of Makati, National Capital Region - Fourth District",Mode 3 (AC),Type 2,,,"14.5903528,121.0237691,13z",14.5903528,121.0237691,Makati City, National Capital Region - Fourth District
evcs0205,Edades Suites,"Amorsolo Drive, Basement 1 Rockwell Center, Poblacion, City Of Makati, National Capital Region - Fourth District",Mode 3 (AC),Type 2,,,"14.5903528,121.0237516,13z",14.5903528,121.0237516,Makati City, National Capital Region - Fourth District
evcs0206,Edades Tower and Garden Villas,"#18 Amorsolo Drive, Ground Flr. Rockwell Center, Poblacion, City Of Makati, National Capital Region - Fourth District",Mode 3 (AC),Type 2,,,"14.5903528,121.0237516,13z",14.5903528,121.0237516,Makati City, National Capital Region - Fourth District
evcs0207,Power Plant Mall,"Rockwell Center Cor. Rockwell Dr./Estrella, P2 Parking, Poblacion, City Of Makati, National Capital Region - Fourth District",Mode 4 (DC),CCS Combo 2,,,"14.5903528,121.0237516,13z",14.5903528,121.0237516,Makati City, National Capital Region - Fourth District
evcs0208,8 Rockwell,"Hidalgo Drive Rockwell Center, Ground Floor, 8 Rockwell Building, Poblacion, City Of Makati, National Capital Region - Fourth District",Mode 3 (AC),Type 2,,,"14.5903528,121.0237516,13z",14.5903528,121.0237516,Makati City, National Capital Region - Fourth District
evcs0209,"Century City Mall, Makati","Century City Kalayaan Ave, Cor Salamanca,, B1, Poblacion, City Of Makati, National Capital Region - Fourth District",Mode 3 (AC),Type 2,,,"14.5903528,121.0231113,13z",14.5903528,121.0231113,Makati City, National Capital Region - Fourth District
evcs0210,Solarius EV Charging - Somerset Central Salcedo Makati,"Salcedo Village, 126 H.V Dela Costa, Basement 1, Slot No. 19 & 20, Bel-Air, City Of Makati, National Capital Region - Fourth District",Mode 3 (AC),Type 2,,,"14.590342,120.9794665,12z",14.590342,120.9794665,Makati City, National Capital Region - Fourth District
evcs0211,Solarius EV Charging - Citadines Salcedo Makati,"Salcedo Village, 148 Valero, Makati, Basement 2, Parking No.148, Bel-Air, City Of Makati, National Capital Region - Fourth District",Mode 3 (AC),Type 2,,,"14.590342,120.9793992,12z",14.590342,120.9793992,Makati City, National Capital Region - Fourth District
evcs0212,LOTUS DRAGON OPC,"J.P. Rizal Street, Ground Floor, 407, Olympia, City Of Makati, National Capital Region - Fourth District",Mode 3 (AC),Type 2,,,"14.590342,120.9764237,12z",14.590342,120.9764237,Makati City, National Capital Region - Fourth District
evcs0213,Basic Energy Renewables Corporation - GF. Phoenix Fuels Life Gasoline Station,"San Antonio P. Ocampo Sr. Ave ( Vito Cruz ) Ext. & Kamagong St., Gf. Phoenix Fuels Life Gasoline Station, San Antonio, City Of Makati, National Capital Region - Fourth District",Mode 4 (DC),Anderson Plug,,,"14.590342,120.9743144,12z",14.590342,120.9743144,Makati City, National Capital Region - Fourth District
evcs0214,Solarius EV Charging- ASCOTT Makati,"Courtyard Dr., Basement 3, Ascott Makati, Glorietta 4 Ayala Center, San Lorenzo, City Of Makati, National Capital Region - Fourth District",Mode 3 (AC),Type 2,,,"14.5902088,121.0220975,13z",14.5902088,121.0220975,Makati City, National Capital Region - Fourth District
evcs0215,ACMobility EV Charging Hub - Garden Towers,"Arnaiz Ave., Cor East St, B1, San Lorenzo, City Of Makati, National Capital Region - Fourth District",Mode 3 (AC),Type 2,,,"14.590198,120.9807311,12z",14.590198,120.9807311,Makati City, National Capital Region - Fourth District
evcs0216,ACMobility EV Charging Hub - Ayala Malls Glorietta 2,"Palm Drive, Ayala Center, B1, San Lorenzo, City Of Makati, National Capital Region - Fourth Distric",Mode 3 (AC),Type 2,,,"14.590198,120.9804353,12z",14.590198,120.9804353,Makati City, National Capital Region - Fourth Distric
evcs0217,GSC CORPORATE TOWER,"Triangle Drive, Gsc Corporate Tower Lot 21,22 Blk. 33, 2nd Floor, Fort Bonifacio, Taguig, Taguig - Pateros",Mode 3 (AC),Type 2,,GB/T AC,"14.5882995,121.037711,13z",14.5882995,121.037711,Taguig, Taguig - Pateros
evcs0218,ACMobility EV Charging Hub - Park Triangle Corporate Center,"Park Triangle Mall, Rizal Drive, Cor 32nd Ave., Gf, Fort Bonifacio, Taguig, Taguig - Pateros",Mode 3 (AC),Type 2,,,"14.5882995,121.0371593,13z",14.5882995,121.0371593,Taguig, Taguig - Pateros
evcs0219,"Department of Energy - Taguig, Fort Bonifacio","Bonifacio Global City, Rizal Drive Corner 34th Street, Ground Floor Beside Doe Motorpool, Energy Center, Fort Bonifacio, Taguig, Taguig - Pateros",Mode 3 (AC),CHAdeMO,,Type 1,"14.5882995,121.0370091,13z",14.5882995,121.0370091,Taguig, Taguig - Pateros
evcs0220,"Department of Energy - Taguig, Rizal Drive corner 34th Street","Bonifacio Global City, Rizal Drive Corner 34th Street, Ground Floor In Front Of Doe Building, Energy Center, Fort Bonifacio, Taguig, Taguig - Pateros",Mode 3 (AC),Type 2,,,"14.5882995,121.0370091,13z",14.5882995,121.0370091,Taguig, Taguig - Pateros
evcs0221,UPTOWN PARADE,"Bonifacio Global City, 36th Street Corner 11th Avenue, Uptown Bonifacio, Ground Level, Uptown Parade Open Parking, Fort Bonifacio, Taguig, Taguig - Pateros",Mode 3 (AC),Type 2,,GB/T AC,"14.5882995,121.0367832,13z",14.5882995,121.0367832,Taguig, Taguig - Pateros
evcs0222,ACMobility EV Charging Hub - Avida Towers 34th Street Condominium,"34th Street Cor. 11th Avenue Lane T, Gf, Fort Bonifacio, Taguig, Taguig - Pateros",Mode 3 (AC),Type 2,,,"14.5882995,121.0366305,13z",14.5882995,121.0366305,Taguig, Taguig - Pateros
evcs0223,ACMobility EV Charging Hub - BGC Corporate Center 1,"11th Ave., 30th St, 2f, Fort Bonifacio, Taguig, Taguig - Pateros",Mode 3 (AC),Type 2,,,"14.5882995,121.0361248,13z",14.5882995,121.0361248,Taguig, Taguig - Pateros
evcs0224,ACMobility EV Charging Hub - Menarco Tower,"32nd Street, Bonifacio Global City, 7f, Fort Bonifacio, Taguig, Taguig - Pateros",Mode 3 (AC),Type 2,,,"14.5882995,121.0358768,13z",14.5882995,121.0358768,Taguig, Taguig - Pateros
evcs0225,UPTOWN MALL,"Bonifacio Global City, 9th Avenue Corner 36th Street, Uptown Bonifacio, 2nd Level Basement Parking, Uptown Mall, Fort Bonifacio, Taguig, Taguig - Pateros",Mode 3 (AC),Type 2,,,"14.5882995,121.0357916,13z",14.5882995,121.0357916,Taguig, Taguig - Pateros
evcs0226,"Uptown Mall,Taguig","36th Street, Uptown Bonifacio, Bgc, Taguig City, Metro Manila, Ph, Basement 2 - Pillar 206, Fort Bonifacio, Taguig, Taguig - Pateros",Mode 4 (DC),CCS Combo 2,,,"14.5882995,121.0357916,13z",14.5882995,121.0357916,Taguig, Taguig - Pateros
evcs0227,ACMobility EV Charging Hub - HSBC Centre,"3058 5th Ave. West Bgc, Gf, Fort Bonifacio, Taguig, Taguig - Pateros",Mode 3 (AC),Type 2,,,"14.5882995,121.0336093,13z",14.5882995,121.0336093,Taguig, Taguig - Pateros
evcs0228,ACMobility EV Charging Hub - Bonifacio One Technology Tower,"31st St. Cor. Rizal Dr., 2f, Fort Bonifacio, Taguig, Taguig - Pateros",Mode 3 (AC),Type 2,,,"14.5882995,121.0324442,13z",14.5882995,121.0324442,Taguig, Taguig - Pateros
evcs0229,ACMobility EV Charging Hub - Caltex BGC,"32nd Cresent Park West Disctrict, Gf, Fort Bonifacio, Taguig, Taguig - Pateros",Mode 4 (DC),CCS Combo 2,,,"14.5882995,121.0324089,13z",14.5882995,121.0324089,Taguig, Taguig - Pateros
evcs0230,FORBES TOWN,"Forbes Town, Rizal Drive, Level 1, Basement Parking, Forbeswood Heights, Fort Bonifacio, Taguig, Taguig - Pateros",Mode 3 (AC),GB/T AC,,,"14.5882995,121.0318558,13z",14.5882995,121.0318558,Taguig, Taguig - Pateros
evcs0231,ACMobility EV Charging Hub - Bonifacio Technology Center,"32nd Cor. 2nd Ave., Gf, Fort Bonifacio, Taguig, Taguig - Pateros",Mode 3 (AC),Type 2,,,"14.5882995,121.0316536,13z",14.5882995,121.0316536,Taguig, Taguig - Pateros
evcs0232,ACMobility EV Charging Hub - Bonfacio Stop Over Corporate Center,"31st St., 2nd Ave.,Fort Bonifacio, B1, Fort Bonifacio, Taguig, Taguig - Pateros",Mode 3 (AC),Type 2,,,"14.5882995,121.0233549,13z",14.5882995,121.0233549,Taguig, Taguig - Pateros
evcs0233,ACMobility EV Charging Hub - Ayala Malls Circuit Makati Loc2,"Ayala Malls Circuit, Lc1e-55 To 57 (Circuit Lane) Hippodromo St,, Gf, Carmona, City Of Makati, National Capital Region - Fourth District",Mode 4 (DC),CCS Combo 2,,,"14.5882887,120.9764237,12z",14.5882887,120.9764237,Makati City, National Capital Region - Fourth District
evcs0234,ACMobility Power On Wheels Hub - BGC,"28th St. Corner 9th Avenue City Center Bgc, 932, Fort Bonifacio, Taguig, Taguig - Pateros",Mode 4 (DC),CCS Combo 2,,GB/T DC,"14.5881905,121.0354408,13z",14.5881905,121.0354408,Taguig, Taguig - Pateros
evcs0235,Gogoro Philippines Inc. - Taguig,"32nd St, The Globe Tower, Fort Bonifacio, Taguig, Taguig - Pateros",BSS,,,,"14.5881905,121.0338425,13z",14.5881905,121.0338425,Taguig, Taguig - Pateros
evcs0236,ACMobility EV Charging Hub - Bonifacio Global City Corporate Center 2,"Brgy. Fort Bonifacio, 2f - 5th Ave., Cor. 30th St., Fort Bonifacio, Taguig, Taguig - Pateros",BSS,Type 2,,,"14.5881905,121.0335466,13z",14.5881905,121.0335466,Taguig, Taguig - Pateros
evcs0237,Gogoro Philippines Inc. - Taguig,"32nd St, The Globe Tower, Fort Bonifacio, Taguig, Taguig - Pateros",BSS,,,,"14.5881905,121.0328764,13z",14.5881905,121.0328764,Taguig, Taguig - Pateros
evcs0238,Solarius EV Charging - Shangri-la at the Fort,"30th Street, Basement 1 Parking Lot, Shangri-La At The Fort, Fort Bonifacio, Taguig, Taguig - Pateros",Mode 3 (AC),Type 2,,,"14.5881905,121.0328705,13z",14.5881905,121.0328705,Taguig, Taguig - Pateros
evcs0239,ACMobility EV Charging Hub - SEDA Hotel BGC,"30th Street Cor. 11th Avenue, Gf Seda Hotel Bgc, Fort Bonifacio, Taguig, Taguig - Pateros",Mode 3 (AC),Type 2,,GB/T AC,"14.5881106,121.0360479,13z",14.5881106,121.0360479,Taguig, Taguig - Pateros
evcs0240,Solarius EV Charging- Somerset Valero Makati,"Somerset Valero Makati, 160 Valero Street, Corner Villar, 11th Floor- Parking No. 1, Somerset Valero Makati, Bel-Air, City Of Makati, National Capital Region - Fourth District",Mode 3 (AC),Type 2,,,"14.588012,120.9790921,12z",14.588012,120.9790921,Makati City, National Capital Region - Fourth District
evcs0241,ACMobility EV Charging Hub - Valero 2 Carpark,"Valero Street, Gf, Bel-Air, City Of Makati, National Capital Region - Fourth District",Mode 3 (AC),Type 2,,,"14.588012,120.9777235,12z",14.588012,120.9777235,Makati City, National Capital Region - Fourth District
evcs0242,ACMobility EV Charging Hub - Solaris One,"Dela Rosa, 2f Solaris One, San Lorenzo, City Of Makati, National Capital Region - Fourth District",Mode 3 (AC),Type 2,,GB/T AC,"14.588012,120.9768393,12z",14.588012,120.9768393,Makati City, National Capital Region - Fourth District
evcs0243,Sysnet Integrators Inc - RCBC Plaza Makati City,"Ayala Avenue, B1 Tower 2 Rcbc Plaza Yuchengco Tower, Bel-Air, City Of Makati, National Capital Region - Fourth District",Mode 3 (AC),Type 2,,,"14.588012,120.9760538,12z",14.588012,120.9760538,Makati City, National Capital Region - Fourth District
evcs0244,ACMobility EV Charging Hub - The Yuchengco Centre,"333 Sen. Gil Puyat Avenue, 7f, Bel-Air, City Of Makati, National Capital Region - Fourth District",Mode 3 (AC),Type 2,,,"14.588012,120.9760538,12z",14.588012,120.9760538,Makati City, National Capital Region - Fourth District
evcs0245,ACMobility EV Charging Hub - Serendra Retail,"11th Ave. Cor 26th St., Mckinley Parkways, Gf, Fort Bonifacio, Taguig, Taguig - Pateros",Mode 4 (DC),CCS Combo 2,,,"14.5860727,121.0355958,13z",14.5860727,121.0355958,Taguig, Taguig - Pateros
evcs0246,ACMobility EV Charging Hub - Bonifacio Global City BHS B5 Parking,"Brgy. Fort Bonifacio, Gf - Bgc Bhs B5 Parking, Lane O,, Fort Bonifacio, Taguig, Taguig - Pateros",Mode 3 (AC),Type 2,,,"14.5860727,121.0347174,13z",14.5860727,121.0347174,Taguig, Taguig - Pateros
evcs0247,ACMobility EV Charging Hub - East Gallery Place Condominium,"28th St. Cor. 11th Avenue, Gf, Fort Bonifacio, Taguig, Taguig - Pateros",Mode 3 (AC),Type 2,,,"14.5860727,121.0347174,13z",14.5860727,121.0347174,Taguig, Taguig - Pateros
evcs0248,Evro- Shell Recharge Seven/NEO,"Bonifacio Global City,4th Avenue, Parking Basement Level 1, Seven Neo Building, Fort Bonifacio, Taguig, Taguig - Pateros",Mode 3 (AC),Type 2,,,"14.5860727,121.0319804,13z",14.5860727,121.0319804,Taguig, Taguig - Pateros
evcs0249,ACMobility EV Charging Hub - The Suites at One Bonifacio High Street,"8th St. Cor 3rd Avenue, Gf, Fort Bonifacio, Taguig, Taguig - Pateros",Mode 3 (AC),Type 2,,,"14.5860727,121.0319783,13z",14.5860727,121.0319783,Taguig, Taguig - Pateros
evcs0250,ACMobility EV Charging Hub - One Bonifacio High Street,"8th St. Cor 3rd Avenue, Gf, Fort Bonifacio, Taguig, Taguig - Pateros",Mode 3 (AC),Type 2,,GB/T AC,"14.5860727,121.0319783,13z",14.5860727,121.0319783,Taguig, Taguig - Pateros
evcs0251,Solarius EV Charging - ASCOTT BGC Manila,"Ascott Bonifacio Global City, 5th Avenue, Corner 28th Street, Basement 3, Parking Lot, Fort Bonifacio, Taguig, Taguig - Pateros",Mode 3 (AC),Type 2,,,"14.5860727,121.0319783,13z",14.5860727,121.0319783,Taguig, Taguig - Pateros
evcs0252,Pacific Plaza Towers Condominium Corporation,"Bonifacio Global City, 4th Avenue, Lower Ground, Fort Bonifacio, Taguig, Taguig - Pateros",Mode 4 (DC),CCS Combo 2,,GB/T DC,"14.5860727,121.0318881,13z",14.5860727,121.0318881,Taguig, Taguig - Pateros
evcs0253,Pacific Plaza Towers,"Bonifacio Global City, 4th Avenue Corner 25th Street, Lower Ground Parking Slot 96-99, North Tower, Fort Bonifacio, Taguig, Taguig - Pateros",Mode 3 (AC),Type 2,,,"14.5860727,121.0317273,13z",14.5860727,121.0317273,Taguig, Taguig - Pateros
evcs0254,ACMobility EV Charging Hub - West Gallery Place,"28 St., Cor. 9th Ave, Basement, Fort Bonifacio, Taguig, Taguig - Pateros",Mode 3 (AC),Type 2,,,"14.5860727,121.0314079,13z",14.5860727,121.0314079,Taguig, Taguig - Pateros
evcs0255,Six/Neo,"26th St, 2nd, Fort Bonifacio, Taguig, Taguig - Pateros",Mode 3 (AC),Type 2,,GB/T AC,"14.5854793,121.0344053,13z",14.5854793,121.0344053,Taguig, Taguig - Pateros
evcs0256,RideBox Station Manila Golf 01,"Harvard Road, Ground Floor, Manila Golf And Country Club, Forbes Park, City Of Makati, National Capital Region - Fourth District",BSS,,,,"14.5851012,121.0240629,13z",14.5851012,121.0240629,Makati City, National Capital Region - Fourth District
evcs0257,ACMobility EV Charging Hub - A.T. Yuchengco Centre,"25th And 26th Street, Bonifacio Global City,, 3f Parking Area, Fort Bonifacio, Taguig, Taguig - Pateros",Mode 3 (AC),Type 2,,,"14.5851012,121.0240629,13z",14.5851012,121.0240629,Taguig, Taguig - Pateros
evcs0258,SM Aura Premier,"Mckinley Parkway, Basement 1-A, Sm Aura Premier, 26th Street, Fort Bonifacio, Taguig, Taguig - Pateros",Mode 3 (AC),Type 2,,,"14.5846826,121.0361044,13z",14.5846826,121.0361044,Taguig, Taguig - Pateros
evcs0259,RideBox Station Dasmarinas Village 01,"Campanilla, Ground Floor, 1417, Dasmariñas, City Of Makati, National Capital Region - Fourth District",BSS,,,,"14.5812343,121.0224674,13z",14.5812343,121.0224674,Makati City, National Capital Region - Fourth District
evcs0260,World Trade Center,"Outside, Parking Lot., Barangay 76, Pasay City, National Capital Region - Fourth District",Mode 3 (AC),Type 2,,GB/T AC,"14.5808998,120.9612517,12z",14.5808998,120.9612517,Pasay City, National Capital Region - Fourth District
evcs0261,"Sysnet Integrators Inc. - Pasay City, Harbor Drive. Moa Complex","Harbor Drive. Moa Complex, 2nd Floor Foure-Com Center Parking Lot, Barangay 76, Pasay City, National Capital Region - Fourth District",Mode 3 (AC),Type 2,,,"14.5808998,120.9591626,12z",14.5808998,120.9591626,Pasay City, National Capital Region - Fourth District
evcs0262,ACMobility EV Charging Hub - TRYP by Wyndham MOA,"Seaside Corner Jw Diokno Blvd, Gf, Barangay 76, Pasay City, National Capital Region - Fourth District",Mode 3 (AC),Type 2,,,"14.5808998,120.9591626,12z",14.5808998,120.9591626,Pasay City, National Capital Region - Fourth District
evcs0263,"Sysnet Integrators Inc. - Pasay City, Bayshore Ave. MOA Complex","Bayshore Ave. Moa Complex, 2nd Floor Threee-Comcenter Parking Lot, Barangay 76, Pasay City, National Capital Region - Fourth District",Mode 3 (AC),Type 2,,,"14.5808998,120.9589489,12z",14.5808998,120.9589489,Pasay City, National Capital Region - Fourth District
evcs0264,SM By the Bay,"Seaside Blvd., Sm By The Bay, North Open Parking, Barangay 76, Pasay City, National Capital Region - Fourth District",Mode 3 (AC),Type 2,,,"14.5808998,120.9578818,12z",14.5808998,120.9578818,Pasay City, National Capital Region - Fourth District
evcs0265,Gogoro Philippines Inc. - Paseo de Magallanes,"San Gregorio St, G/F Gateway Center, Magallanes, City Of Makati, National Capital Region - Fourth District",BSS,,,,"14.5807143,120.9764805,12z",14.5807143,120.9764805,Makati City, National Capital Region - Fourth District
evcs0266,ACMobility EV Charging Hub - BPI Magallanes South Branch,"Magallanes Village, Paseo De Magallanes, Barangay Magallanes, Gf - Lot 6 Blk. 5, Paseo De Magallanes, Magallanes, City Of Makati, National Capital Region - Fourth Distric",Mode 3 (AC),Type 2,,,"14.5805674,120.9764805,12z",14.5805674,120.9764805,Makati City, National Capital Region - Fourth Distric
evcs0267,"Venice Grand Canal Mall, Taguig","Mckinley Hill Dr,, B1, Pinagsama, Taguig, Taguig - Pateros",Mode 3 (AC),Type 2,,,"14.5801367,121.0353639,13z",14.5801367,121.0353639,Taguig, Taguig - Pateros
evcs0268,VENICE GRAND CANAL MALL,"Mckinley Hill, Upper Mckinley Road, Basement 1, Venice Grand Canal Mall, Pinagsama, Taguig, Taguig - Pateros",Mode 3 (AC),Type 2,,GB/T AC,"14.5798591,121.0352782,13z",14.5798591,121.0352782,Taguig, Taguig - Pateros
evcs0269,ACMobility Power On Wheels Hub - Makati,"Pres 1. Sergio Osmena Highway, Magallanes, City Of Makati, National Capital Region - Fourth District",Mode 4 (DC),CCS Combo 2,,GB/T DC,"14.5797217,120.9764805,12z",14.5797217,120.9764805,Makati City, National Capital Region - Fourth District
evcs0270,"SM Mall Of Asia, Pasay","Sm Mall Of Asia, Seaside Blvd, Pasay, 1300 Metro Manila, Ground Level, Barangay 76, Pasay City, National Capital Region - Fourth District",Mode 3 (AC),Type 2,,,"14.5791668,120.9580004,12z",14.5791668,120.9580004,Pasay City, National Capital Region - Fourth District
evcs0271,BYD Makati Annex,"Einstein Street, Ground Floor, San Isidro, City Of Makati, National Capital Region - Fourth District",Mode 3 (AC),GB/T AC,,,"14.5787721,120.9669663,12z",14.5787721,120.9669663,Makati City, National Capital Region - Fourth District
evcs0272,Solarius EV Charging - Citadines Benavidez Makati,"Citdines Benavidez, Benavidez Street, 8th Floor, San Lorenzo, City Of Makati, National Capital Region - Fourth District",Mode 3 (AC),Type 2,,,"14.5787721,120.9669663,12z",14.5787721,120.9669663,Makati City, National Capital Region - Fourth District
evcs0273,Solarius EV Charging - Lyf Malate Manila and the Suites,"Lyf Malate Manila And The SuitesMalvar Corner Vasquez Street, Second Floor, Parking Lot, Barangay 701, Malate, National Capital Region - Manila",Mode 3 (AC),Type 2,,,"14.5787721,120.9619778,12z",14.5787721,120.9619778,Malate, National Capital Region - Manila
evcs0274,Evro - Shell Recharge Robinsons Manila,"Pedro Gil Corner M Adriatico Street, Basement, Barangay 669, Ermita, National Capital Region - Manila",Mode 3 (AC),Type 2,,,"14.5787721,120.9604521,12z",14.5787721,120.9604521,Ermita, National Capital Region - Manila
evcs0275,Boost+ EV CHARGER STATION NU Mall of Asia Building,"Coral Way, Pasay City, Metro Manila, 2nd Floor, Barangay 76, Pasay City, National Capital Region - Fourth District",Mode 4 (DC),CCS Combo 2,,,"14.5780233,120.9580004,12z",14.5780233,120.9580004,Pasay City, National Capital Region - Fourth District
evcs0276,GET PH EV Charging Station - Wells Fargo,"Campus Avenue, Ground Floor Parking Wells Fargo, Fort Bonifacio, Taguig, Taguig - Pateros",Mode 4 (DC),CCS Combo 2,,,"14.5779519,121.0353639,13z",14.5779519,121.0353639,Taguig, Taguig - Pateros
evcs0277,SM Center Angono,"Manila East Road, Cor M.L. Quezon St, Angono, Sm Center Angono, Covered Parking, Lower Ground, San Isidro, Angono, Rizal",Mode 3 (AC),Type 2,,,"14.5764636,121.0512372,12z",14.5764636,121.0512372,Angono, Rizal
evcs0278,Solarius EV Charging - Belmont Hotel Manila,"Belmont Hotel ManilaNewport Blvd, Newport City, Pasay, Basement 3, Park No. 01, Belmont Hotel Manila, Barangay 76, Pasay City, National Capital Region - Fourth District",Mode 3 (AC),Type 2,,,"14.5753631,120.9764805,12z",14.5753631,120.9764805,Pasay City, National Capital Region - Fourth District
evcs0279,Parqal EV Chargers,"Building 5 Basement Parqal Mall, Baclaran, City Of Parañaque, National Capital Region - Fourth District",Mode 3 (AC),Type 2,,,"14.5741015,120.9588965,12z",14.5741015,120.9588965,Parañaque City, National Capital Region - Fourth District
evcs0280,ACMobility EV Charging Hub - Greenbelt 3,"Esperanza, B1 Greenbelt 3, San Lorenzo, City Of Makati, National Capital Region - Fourth District",Mode 3 (AC),Type 2,Mode 4 (DC),CCS Combo 2,"14.5729604,120.9769531,12z",14.5729604,120.9769531,Makati City, National Capital Region - Fourth District
evcs0281,Solarius EV Charging - Fairmont and Raffles Hotel VIP Parking,"Fairmont And Raffles Hotel, Palm Drive, Ground Floor Vip Parking, San Lorenzo, City Of Makati, National Capital Region - Fourth District",Mode 3 (AC),Type 2,,,"14.5729604,120.9769531,12z",14.5729604,120.9769531,Makati City, National Capital Region - Fourth District
evcs0282,Solarius EV Charging - Fairmont and Raffles Hotel B1 Parking,"Raffles Drive, Makati Avenue, Basement 1 Parking Floor, Fairmont And Raffles, 1, San Lorenzo, City Of Makati, National Capital Region - Fourth District",Mode 3 (AC),Type 2,,,"14.5729604,120.9769531,12z",14.5729604,120.9769531,Makati City, National Capital Region - Fourth District
evcs0283,ACMobility EV Charging Hub - Legazpi Carpark,"Legazpi Village,  Legazpi St, Gf Corner 1229 V.A. Rufino, San Lorenzo, City Of Makati, National Capital Region - Fourth District",Mode 4 (DC),CCS Combo 2,,,"14.5729604,120.9748115,12z",14.5729604,120.9748115,Makati City, National Capital Region - Fourth District
evcs0284,ACMobility EV Charging Hub - One Legazpi Park Condominium,"Legazpi Village, Rada St, Gf, One Legazpi Park,, San Lorenzo, City Of Makati, National Capital Region - Fourth District",Mode 3 (AC),Type 2,,,"14.5729604,120.9748115,12z",14.5729604,120.9748115,Makati City, National Capital Region - Fourth District
evcs0285,Solarius EV Charging-Somerset Millennium Makati,"Legazpi Village, 104 Aguirre Street, B1-3&4, Somerset Millennium Makati, Poblacion, City Of Makati, National Capital Region - Fourth District",Mode 3 (AC),Type 2,,,"14.5729604,120.9748115,12z",14.5729604,120.9748115,Makati City, National Capital Region - Fourth District
evcs0286,GPI EV Charging Station,"Afpovai55 Bayani Road, Parking Lot 1 And 2, Ground Floor, Western Bicutan, Taguig, Taguig - Pateros",Mode 3 (AC),,,,"14.5719265,121.0298801,13z",14.5719265,121.0298801,Taguig, Taguig - Pateros
evcs0287,City Of Dreams,"Entertainment City Roxas Boulevard Corner Asean Avenue, Diosdado Macapagal Blvd, Ground Floor Parking, Tambo, City Of Parañaque, National Capital Region - Fourth District",Mode 3 (AC),Type 2,,,"14.5712061,120.9633379,12z",14.5712061,120.9633379,Parañaque City, National Capital Region - Fourth District
evcs0288,ACMobility EV Charging Hub - Ayala Malls Manila Bay,"717 Diosdado Macapagal Blvd, Gf, Tambo, City Of Parañaque, National Capital Region - Fourth District",Mode 3 (AC),Type 2,Mode 4 (DC),CCS Combo 2,"14.5712061,120.962731,12z",14.5712061,120.962731,Parañaque City, National Capital Region - Fourth District
evcs0289,ACMobility EV Charging Hub - Seda Hotel Manila Bay,"Abueva St, Gf, Tambo, City Of Parañaque, National Capital Region - Fourth District",Mode 3 (AC),Type 2,,,"14.5712061,120.962343,12z",14.5712061,120.962343,Parañaque City, National Capital Region - Fourth District
evcs0290,ACMobility EV Charging Hub - BYD Dealership Manila Bay,"6513 Bradco Ave., Aseana City, Gf, Tambo, City Of Parañaque, National Capital Region - Fourth District",Mode 3 (AC),Type 2,Mode 4 (DC),CCS Combo 2,"14.5704053,120.9588965,12z",14.5704053,120.9588965,Parañaque City, National Capital Region - Fourth District
evcs0291,Reach,"Mall Of Asia Complex (Bay Area)Macapagal Boulevard, Gf, Barangay 76, Pasay City, National Capital Region - Fourth District",Mode 3 (AC),Type 2,Mode 4 (DC),GB/T DC,"14.5692642,120.9625746,12z",14.5692642,120.9625746,Pasay City, National Capital Region - Fourth District
evcs0292,Solarius EV Charging - Citadines Bay City Manila,"Citadines Bay, Diosdado Macapagal Boulevard, Corner Coral Way, Ground Floor-Citadines Bay City Manila, Barangay 76, Pasay City, National Capital Region - Fourth District",Mode 3 (AC),Type 2,,,"14.5692642,120.962446,12z",14.5692642,120.962446,Pasay City, National Capital Region - Fourth District
evcs0293,Boost + (Mall of Asia Arena Annex (MAAX) Building),"Coral Way Cor. J.W. Diokno Boulevard Mall Of Asia Complex, Pasay City,, 2nd Floor, Barangay 76, Pasay City, National Capital Region - Fourth District",Mode 4 (DC),CCS Combo 2,,,"14.5692642,120.9600504,12z",14.5692642,120.9600504,Pasay City, National Capital Region - Fourth District
evcs0294,MOA Square,"Mall Of Asia Complex, Marina Way, Moa Square, 2nd Level Parking, Barangay 76, Pasay City, National Capital Region - Fourth District",Mode 3 (AC),Type 2,,GB/T AC,"14.5692642,120.9593485,12z",14.5692642,120.9593485,Pasay City, National Capital Region - Fourth District
evcs0295,"Sysnet Integrators Inc. - Pasay City, Harbor Drive(Palm Coast Ave.),","Harbor Drive(Palm Coast Ave.),, 2nd Floor Five E-Com Center Parking Lot, Barangay 76, Pasay City, National Capital Region - Fourth District",Mode 3 (AC),Type 2,,,"14.5692642,120.95927,12z",14.5692642,120.95927,Pasay City, National Capital Region - Fourth District
evcs0296,SM Mall of Asia,"J.W. Diokno Boulevard, Sm Mall Of Asia, 3rd Level, North Parking Building, Sunset Avenue, Mall Of Asia Complex, Zone 10, Cbp1a, Barangay 76, Pasay City, National Capital Region - Fourth District",Mode 3 (AC),Type 2,,,"14.5692642,120.9591471,12z",14.5692642,120.9591471,Pasay City, National Capital Region - Fourth District
evcs0297,S Maison,"S Maison, Basement Parking, Barangay 76, Pasay City, National Capital Region - Fourth District",Mode 3 (AC),Type 2,,,"14.5692642,120.9580004,12z",14.5692642,120.9580004,Pasay City, National Capital Region - Fourth District
evcs0298,EVOxCharge - Inhub Station,"Afp-Rsbs Industrial ParkTdg In.Hub Building/ 1st Floor, Western Bicutan, Taguig, Taguig - Pateros",Mode 3 (AC),Type 2,Mode 4 (DC),GB/T DC,"14.5687281,121.0257922,13z",14.5687281,121.0257922,Taguig, Taguig - Pateros
evcs0299,Okada Manila Parking,"New Seaside Drive, Okada Manila Ground Floor Parking, Tambo, City Of Parañaque, National Capital Region - Fourth District",Mode 3 (AC),Type 2,,,"14.56824,120.9580405,12z",14.56824,120.9580405,Parañaque City, National Capital Region - Fourth District
evcs0300,Okada Manila,"Lower Ground Floor Parking, Tambo, City Of Parañaque, National Capital Region - Fourth District",Mode 3 (AC),Type 2,,,"14.56824,120.9573144,12z",14.56824,120.9573144,Parañaque City, National Capital Region - Fourth District
evcs0301,ACMobility EV Charging Hub - Arca South Estate Parking,"East Union Dr, Gf, Western Bicutan, Taguig, Taguig - Pateros",Mode 3 (AC),Type 2,Mode 4 (DC),CCS Combo 2,"14.5656506,121.0327274,13z",14.5656506,121.0327274,Taguig, Taguig - Pateros
evcs0302,ACMobility EV Charging Hub - Landers Superstore Arca South,"Lot 8-B Arca Boulevard, Arca South, Gf, Western Bicutan, Taguig, Taguig - Pateros",Mode 3 (AC),Type 2,,,"14.5656396,121.032573,13z",14.5656396,121.032573,Taguig, Taguig - Pateros
evcs0303,ACMobility EV Charging Hub - Arbor Lanes,"Arca South Nexus St, B1, Western Bicutan, Taguig, Taguig - Pateros",Mode 3 (AC),Type 2,,,"14.5627794,120.9845902,12z",14.5627794,120.9845902,Taguig, Taguig - Pateros
evcs0304,Gogoro Philippines Inc. - City of Parañaque,"Ninoy Aquino Ave, 113, Santo Niño, City Of Parañaque, National Capital Region - Fourth District",BSS,,,,"14.560776,120.9669448,12z",14.560776,120.9669448,Parañaque City, National Capital Region - Fourth District
evcs0305,ACMobility EV Charging Hub - Healthway Cancer Care Hospital,"Lot 26 Bagsakan, Corner Crb Road, Basement 1 Parkingarea, Western Bicutan, Taguig, Taguig - Pateros",Mode 3 (AC),Type 2,,,"14.5565769,120.9962451,12z",14.5565769,120.9962451,Taguig, Taguig - Pateros
evcs0306,GET PHILIPPINES INC - AYALA MALLS MANILA BAY,"Ayala Malls Manila Bay, 4th Floor, Tambo, City Of Parañaque, National Capital Region - Fourth District",Mode 4 (DC),CCS Combo 2,,,"14.5556297,120.9607,12z",14.5556297,120.9607,Parañaque City, National Capital Region - Fourth District
evcs0307,V-Green PITX,"Manila Asiaworld Estate, Eisenhower Road, Parking Lot, Don Galo, City Of Parañaque, National Capital Region - Fourth District",Mode 4 (DC),CCS Combo 2,,,"14.5556297,120.9598896,12z",14.5556297,120.9598896,Parañaque City, National Capital Region - Fourth District
evcs0308,SM City Bicutan,"Doña Soledad Avenue, Sm City Bicutan, Upper Ground Carpark Building B, Don Bosco, City Of Parañaque, National Capital Region - Fourth District",Mode 3 (AC),Type 2,,,"14.55506,120.9860064,12z",14.55506,120.9860064,Parañaque City, National Capital Region - Fourth District
evcs0309,SM City Sucat,"Sm City Sucat, 3rd Floor, Building A, San Dionisio, City Of Parañaque, National Capital Region - Fourth District",Mode 3 (AC),Type 2,,,"14.5546472,120.9637904,12z",14.5546472,120.9637904,Parañaque City, National Capital Region - Fourth District
evcs0310,SM City BF Parañaque,"Dr. A Santos Street Corner President'S Avenue, Sm City Bf Parañaque, 4th Level Carpark Building, B. F. Homes, City Of Parañaque, National Capital Region - Fourth District",Mode 3 (AC),Type 2,,,"14.5395255,120.9764805,12z",14.5395255,120.9764805,Parañaque City, National Capital Region - Fourth District
evcs0311,SM Center Las Piñas,"Sm Center Las Pinas, Ground Floor, Covered Parking, Talon Dos, City Of Las Piñas, National Capital Region - Fourth District",Mode 3 (AC),Type 2,,,"14.5372736,120.9490187,12z",14.5372736,120.9490187,Las Piñas City, National Capital Region - Fourth District
evcs0312,SM City Bacoor,"Tirona Highway, Sm City Bacoor, Outdoor In Front Of Entrance 2, Habay Ii, Bacoor City, Cavite",Mode 3 (AC),Type 2,,,"14.5351834,120.9432083,12z",14.5351834,120.9432083,Bacoor City, Cavite
evcs0313,ACMobility EV Charging Hub - BPI BF Paranaque,"Corner Elsie Gaches StAguirre Avenue,, Gf, B. F. Homes, City Of Parañaque, National Capital Region - Fourth District",Mode 3 (AC),Type 2,,,"14.5350574,120.9764805,12z",14.5350574,120.9764805,Parañaque City, National Capital Region - Fourth District
evcs0314,V-Green GSM Las Pinas Depot,"J. Aguilar, Ground Floor, Parking, Talon Dos, City Of Las Piñas, National Capital Region - Fourth District",Mode 4 (DC),CCS Combo 2,,,"14.5349708,120.9490187,12z",14.5349708,120.9490187,Las Piñas City, National Capital Region - Fourth District
evcs0315,ACMobility EV Charging Hub - Ayala Malls Evo City - Loc1,"Centennial Rd, Gf, Tabon Iii, Kawit, Cavite",Mode 3 (AC),Type 2,,,"14.5328533,120.8361499,11z",14.5328533,120.8361499,Kawit, Cavite
evcs0316,ACMobility EV Charging Hub - Ayala Malls Evo City - Loc2,"Centennial Rd, Gf, Tabon Iii, Kawit, Cavite",Mode 3 (AC),Type 2,,,"14.5324647,120.8369648,11z",14.5324647,120.8369648,Kawit, Cavite
evcs0317,ACMobility EV Charging Hub - BYD Dealership Bacoor,"4562 Molino Blvd, Gf, Bayanan, Bacoor City, Cavite",Mode 3 (AC),Type 2,Mode 4 (DC),CCS Combo 2,"14.5240871,120.948017,12z",14.5240871,120.948017,Bacoor City, Cavite
evcs0318,ACMobility EV Charging Hub - KIA Dealership Bacoor,"4652-B Molino Bacoor Blvd, Gf, Bayanan, Bacoor City, Cavite",Mode 3 (AC),Type 2,,,"14.5240871,120.948017,12z",14.5240871,120.948017,Bacoor City, Cavite
evcs0319,Solarius EV Charging - Crimson Hotel,"Crimson Hotel, Entrata Urban Complex, 2609 Civic Drive, Filinvest City Alabang, Crimson Hotel- 3rd Level, Alabang, City Of Muntinlupa, National Capital Region - Fourth District",Mode 3 (AC),Type 2,,,"14.5222871,120.9940106,12z",14.5222871,120.9940106,Muntinlupa City, National Capital Region - Fourth District
evcs0320,Amaia Steps Alabang,"Amaia Steps AlabangAlabang Zapote Road, Delicia Building (Ground Floor), Almanza Uno, City Of Las Piñas, National Capital Region - Fourth District",Mode 3 (AC),Type 2,,,"14.5222871,120.9764805,12z",14.5222871,120.9764805,Las Piñas City, National Capital Region - Fourth District
evcs0321,ACMobility EV Charging Hub - Alabang Town Center,"Alabang-Zapote Rd., 2nd Level Alabang Town Center Nec Parking, New Alabang Village, City Of Muntinlupa, National Capital Region - Fourth District",Mode 3 (AC),Type 2,,GB/T AC,"14.5222871,120.9764805,12z",14.5222871,120.9764805,Muntinlupa City, National Capital Region - Fourth District
evcs0322,FORD ALABANG,"Filinvest City, 8409 Alabang-Zapote Road, Spectrum District, Ground Floor, Alabang, City Of Muntinlupa, National Capital Region - Fourth District",Mode 3 (AC),GB/T AC,,,"14.5222871,120.9764805,12z",14.5222871,120.9764805,Muntinlupa City, National Capital Region - Fourth District
evcs0323,SM Southmall,"Alabang - Zapote Road, Sm South Mall, South Tower Parking, Ground Level, Almanza Uno, City Of Las Piñas, National Capital Region - Fourth District",Mode 3 (AC),Type 2,,,"14.5222871,120.9725982,12z",14.5222871,120.9725982,Las Piñas City, National Capital Region - Fourth District
evcs0324,V-Green Colours Town Center,"Marcos Alvarez Avenue, Ground Floor, 1740, Talon Uno, City Of Las Piñas, National Capital Region - Fourth District",Mode 4 (DC),CCS Combo 2,,,"14.5222871,120.9490187,12z",14.5222871,120.9490187,Las Piñas City, National Capital Region - Fourth District
evcs0325,Solarius EV Charging - Somerset Alabang,"Parking Lot B2a-43409 Spectrum Midway, Basement 2a, Alabang, City Of Muntinlupa, National Capital Region - Fourth District",Mode 3 (AC),Type 2,,,"14.5219139,120.9764805,12z",14.5219139,120.9764805,Muntinlupa City, National Capital Region - Fourth District
evcs0326,Festival Mall,"Filinvest City, Civic Drive, Festival Mall, Alabang, City Of Muntinlupa, National Capital Region - Fourth District",Mode 3 (AC),Type 2,,,"14.5183887,120.9844848,12z",14.5183887,120.9844848,Muntinlupa City, National Capital Region - Fourth District
evcs0327,V-Green Vinfast Westgate Alabang,"Filinvest Corporate City, Commerce Avenue, Ground Floor, A-301 Westgate Center, Alabang, City Of Muntinlupa, National Capital Region - Fourth District",Mode 4 (DC),CCS Combo 2,,,"14.5183887,120.9764805,12z",14.5183887,120.9764805,Muntinlupa City, National Capital Region - Fourth District
evcs0328,ACMobility EV Charging Hub - Ecooil Alabang,"Commerce Ave., Filinvest Corporate City, Gf, Alabang, City Of Muntinlupa, National Capital Region - Fourth District",Mode 3 (AC),Type 2,Mode 4 (DC),CCS Combo 2,"14.5183887,120.9764805,12z",14.5183887,120.9764805,Muntinlupa City, National Capital Region - Fourth District
evcs0329,ACMobility EV Charging Hub - BYD Dealership Alabang,"One Price Tower Alabang Zapote Road, Gf, Alabang, City Of Muntinlupa, National Capital Region - Fourth District",Mode 4 (DC),CCS Combo 2,,,"14.5183887,120.9764805,12z",14.5183887,120.9764805,Muntinlupa City, National Capital Region - Fourth District
evcs0330,ACMobility EV Charging Hub - Landers Superstore Alabang West,"Daang Hari Road, Gf, Almanza Dos, City Of Las Piñas, National Capital Region - Fourth District",Mode 3 (AC),Type 2,,,"14.5183887,120.9763836,12z",14.5183887,120.9763836,Las Piñas City, National Capital Region - Fourth District
evcs0331,GET PHILIPPINES INC - FEU ALABANG CAMPUS,"Filinvest City, Corporate Woods Cor. South Corporate Avenues, Ground Floor, Alabang, City Of Muntinlupa, National Capital Region - Fourth District",Mode 4 (DC),CCS Combo 2,,,"14.5181972,120.9764805,12z",14.5181972,120.9764805,Muntinlupa City, National Capital Region - Fourth District
evcs0332,SM City Rosario,"General Trias Drive, Sm City Rosario, Ground Level, Parking 6, Tejeros Convention, Rosario, Cavite",Mode 3 (AC),Type 2,,,"14.5142105,120.8132113,11z",14.5142105,120.8132113,Rosario, Cavite
evcs0333,SM City Tanza,"Antero Soriano Highway, Sm City Tanza, Ground Floor, Open Parking A, Daang Amaya Ii, Tanza, Cavite",Mode 3 (AC),Type 2,,,"14.51188,120.8110847,11z",14.51188,120.8110847,Tanza, Cavite
evcs0334,SM City Molino,"Paliparan Road, Sm City Molino, 2f Covered Parking Building, Molino Iv, Bacoor City, Cavite",Mode 3 (AC),Type 2,,,"14.5036246,120.8740137,11z",14.5036246,120.8740137,Bacoor City, Cavite
evcs0335,ACMobility EV Charging Hub - Vermosa Transport Terminal,"Daang Hari Road, Gf, Pasong Buaya I, Imus City, Cavite",Mode 4 (DC),CCS Combo 2,,,"14.5036246,120.8649703,11z",14.5036246,120.8649703,Imus City, Cavite
evcs0336,ACMobility EV Charging Hub - Landers Superstore Vermosa,"Ayala Malls Vermosa Daang Hari Rd, Gf, Pasong Buaya I, Imus City, Cavite",Mode 3 (AC),Type 2,,,"14.5036246,120.8649703,11z",14.5036246,120.8649703,Imus City, Cavite
evcs0337,ACMobility EV Charging Hub - Vermosa Estate,"Varsity Loop, Gf Vermosa Estates, Pasong Buaya I, Imus City, Cavite",Mode 3 (AC),Type 2,,GB/T AC,"14.5036246,120.8646343,11z",14.5036246,120.8646343,Imus City, Cavite
evcs0338,SM Center Muntinlupa,"Tunasan, Sm Center Muntinlupa, Ground Floor, Covered Parking, Tunasan, City Of Muntinlupa, National Capital Region - Fourth District",Mode 3 (AC),Type 2,,,"14.5014756,120.9020741,11z",14.5014756,120.9020741,Muntinlupa City, National Capital Region - Fourth District
evcs0339,ACMobility EV Charging Hub - Alabang Country Club,"Acacia Avenue Ayala Alabang Village, Gf Parking Space, Alabang, City Of Muntinlupa, National Capital Region - Fourth District",Mode 3 (AC),Type 2,,,"14.5005197,120.8905121,11z",14.5005197,120.8905121,Muntinlupa City, National Capital Region - Fourth District
evcs0340,GET PHILIPPINES INC - UNIONBANK INNOVATION CAMPUS,"Country Drive, Ground Floor, San Antonio, San Pedro City, Laguna",Mode 4 (DC),CCS Combo 2,,,"14.500189,120.8940699,11z",14.500189,120.8940699,San Pedro City, Laguna
evcs0341,SM Center Imus,"Bucandala, Sm Center Imus, Ground Level, Outdoor Parking, Alapan I-C, Imus City, Cavite",Mode 3 (AC),Type 2,,,"14.4996749,120.8430874,11z",14.4996749,120.8430874,Imus City, Cavite
evcs0342,ACMobility EV Charging Hub - Orchard Golf & Country Clu,"Km 27, Aguinaldo Highway, Gf, Salitran Iv, Dasmariñas City, Cavite",Mode 3 (AC),Type 2,,,"14.4911829,120.8660883,11z",14.4911829,120.8660883,Dasmariñas City, Cavite
evcs0343,V-Green Vista Tanza,"Tanza Trece Road, Ground Floor, Parking, Punta Ii, Tanza, Cavite",Mode 4 (DC),CCS Combo 2,,,"14.4834386,120.8139519,11z",14.4834386,120.8139519,Tanza, Cavite
evcs0344,SM Center San Pedro,"Magsaysay Road United Bayanihan, Sm Center San Pedro, Basement Parking Level, United Bayanihan, San Pedro City, Laguna",Mode 3 (AC),Type 2,,,"14.4823878,120.8940699,11z",14.4823878,120.8940699,San Pedro City, Laguna
evcs0345,ACMobility EV Charging Hub - BYD Dealership Carmona,"Lot 1024 Gov. Drive,, Gf, Mabuhay, Carmona, Cavite",Mode 3 (AC),Type 2,Mode 4 (DC),CCS Combo 2,"14.4715146,120.8940699,11z",14.4715146,120.8940699,Carmona, Cavite
evcs0346,SM City Santa Rosa,"National Highway, Sm City Santa Rosa, 2nd Floor, The Core Building Carpark, Tagapo, Santa Rosa City, Laguna",Mode 3 (AC),Type 2,,,"14.4700226,120.9021795,11z",14.4700226,120.9021795,Santa Rosa City, Laguna
evcs0347,FORTUNEWELL INC.,"Sto Tomas Slex, Km 35, Santo Tomas (Calabuso), City Of Biñan, Laguna",Mode 4 (DC),CCS Combo 2,Mode 1,Type 2,"14.4668268,120.8940699,11z",14.4668268,120.8940699,Biñan City, Laguna
evcs0348,Evro Shell Recharge Mamplasan,"Slex, Gf Shell Slt 2, Santo Tomas (Calabuso), City Of Biñan, Laguna",Mode 3 (AC),Type 2,Mode 4 (DC),CCS Combo 2,"14.4668268,120.8940699,11z",14.4668268,120.8940699,Biñan City, Laguna
evcs0349,RideBox Station,"Monde Nissin Corporation, Felix Reyes Street, Parking Lot, Balibago, Santa Rosa City, Laguna",BSS,,,,"14.4582743,120.8940699,11z",14.4582743,120.8940699,Santa Rosa City, Laguna
evcs0350,SM Market Mall Dasmariñas,"Congressional Avenue, Sm Marketmall Dasmariñas, 2nd Floor Carpark, Burol I, Dasmariñas City, Cavite",Mode 3 (AC),Type 2,,,"14.4532826,120.8628062,11z",14.4532826,120.8628062,Dasmariñas City, Cavite
evcs0351,DCHARGE-Vista Mall Dasmariñas Branch,"Camella Homes, Aguinaldo Highway, Level 1 Parking Area Near Lbc Vista Mall Dasmarinas, San Agustin Ii, Dasmariñas City, Cavite",Mode 4 (DC),CCS Combo 2,,Type 2,"14.4532826,120.8543959,11z",14.4532826,120.8543959,Dasmariñas City, Cavite
evcs0352,SM City Dasmariñas,"Governor's Drive, Sm City Dasmariñas, Upper Ground Floor Covered Parking Building, Sampaloc I, Dasmariñas City, Cavite",Mode 3 (AC),Type 2,,,"14.4532826,120.8543959,11z",14.4532826,120.8543959,Dasmariñas City, Cavite
evcs0353,SM City Trece Martires,"Governor's Drive Cor. Capitol Road, Sm City Trece Martires, Basement Parking, San Agustin (Pob.), Trece Martires City, Cavite",Mode 3 (AC),Type 2,,,"14.4530752,120.8139519,11z",14.4530752,120.8139519,Trece Martires City, Cavite
evcs0354,ACMobility EV Charging Hub - LTI Administration Bldg,"North Main Avenue, Gf Lti Administration Bldg. 1, Biñan (Poblacion), City Of Biñan, Laguna",Mode 3 (AC),Type 2,,GB/T AC,"14.4425359,120.8940699,11z",14.4425359,120.8940699,Biñan City, Laguna
evcs0355,ACMobility EV Charging Hub - Microtel by Wyndham South Forbes,"South Boulevard South Forbes Golf City, Gf, Inchican, Silang, Cavite",Mode 3 (AC),Type 2,,,"14.440777,120.8940699,11z",14.440777,120.8940699,Silang, Cavite
evcs0356,ACMobility EV Charging Hub - BYD Dealership Sta. Rosa,"Elc Center, Tagaytay National Road, Gf, Santo Domingo, Santa Rosa City, Laguna",Mode 3 (AC),Type 2,Mode 4 (DC),CCS Combo 2,"14.4366779,120.8940699,11z",14.4366779,120.8940699,Santa Rosa City, Laguna
evcs0357,ACMobility EV Charging Hub - Solenad 1,"Buhi Street, Gf Solenad 1 Parking B, Don Jose, Santa Rosa City, Laguna",Mode 3 (AC),Type 2,,GB/T AC,"14.4366779,120.8940699,11z",14.4366779,120.8940699,Santa Rosa City, Laguna
evcs0358,ACMobility EV Charging Hub - SEDA Hotel Nuvali,"Lakeside Evozone, Nuvali, Gf, Santo Domingo, Santa Rosa City, Laguna",Mode 3 (AC),Type 2,,,"14.4357973,120.8940699,11z",14.4357973,120.8940699,Santa Rosa City, Laguna
evcs0359,"LISP I Locator' Association, Inc.","Ground Floor, Security And Maintenance Building, Diezmo, Cabuyao City, Laguna",Mode 3 (AC),Type 2,,GB/T AC,"14.4357568,120.89861,11z",14.4357568,120.89861,Cabuyao City, Laguna
evcs0360,ACMobility EV Charging Hub - Landers Superstore Nuvali,"Nuvali Blvd, Cor, Evoliving Center Drive, Gf Blk. 13 Lot 1, Santo Domingo, Santa Rosa City, Laguna",Mode 3 (AC),Type 2,,,"14.4335713,120.8940699,11z",14.4335713,120.8940699,Santa Rosa City, Laguna
evcs0361,ACMobility EV Charging Hub - Nuvali Big Box Parking,"Evoliving Parkway, Nuvali, Gf, Don Jose, Santa Rosa City, Laguna",Mode 3 (AC),Type 2,Mode 4 (DC),CCS Combo 2,"14.4328733,120.8940699,11z",14.4328733,120.8940699,Santa Rosa City, Laguna
evcs0362,ACMobility EV Charging Hub - Bosch Car Service Sta. Rosa,"Lot 2b-2c-9a-2, Sta Rosa, Tagaytay Road, Gf, Puting Kahoy, Silang, Cavite",Mode 3 (AC),Type 2,,,"14.4290068,120.8940699,11z",14.4290068,120.8940699,Silang, Cavite
evcs0363,V-Green Vista Mall General Trias,"Arnaldo Highway, Ground Floor, Vista Mall General Trias, Santiago, General Trias City, Cavite",Mode 4 (DC),CCS Combo 2,,,"14.4271182,120.8354665,11z",14.4271182,120.8354665,General Trias City, Cavite
evcs0364,V-Green Vista Kawit,"Arnaldo Highway, Ground Floor, Parking, Tejero, General Trias City, Cavite",Mode 4 (DC),CCS Combo 2,,,"14.4271182,120.8354665,11z",14.4271182,120.8354665,General Trias City, Cavite
evcs0365,Solarius EV Charging - MIESCOR,"Miescor, Hugo Perez Road, Ground Floor Driveway, Perez (Lucbanan), Trece Martires City, Cavite",Mode 3 (AC),Type 2,,,"14.4271182,120.8294881,11z",14.4271182,120.8294881,Trece Martires City, Cavite
evcs0366,ACMobility EV Charging Hub - Ayala Greenfield Golf & Leisure Club,"Parking Lot Area, Gf, Puting Lupa, Calamba City, Laguna",Mode 3 (AC),Type 2,,,"14.4081906,120.9213978,11z",14.4081906,120.9213978,Calamba City, Laguna
evcs0367,"Sysnet Integrators Inc.- FPIP Administration Building, Sto. Tomas , Batangas","Sez Rs Diaz Ave. Cor.1st Street, Ground Floor. Fpip Administration Building, Santa Anastacia, Santo Tomas, Batangas",Mode 3 (AC),Type 2,,,"14.3810814,120.7487693,10z",14.3810814,120.7487693,Santo Tomas, Batangas
evcs0368,ACMobility EV Charging Hub - Kasa Luntian,"Tagaytay Calamba Road, Gf, San Jose, Tagaytay City, Cavite",Mode 3 (AC),Type 2,,,"14.3748221,120.6986932,10z",14.3748221,120.6986932,Tagaytay City, Cavite
evcs0369,Solarius EV Charging - Quest Hotel Tagaytay,"Quest Hotel Tagaytay, Ayala Malls Serin Diversion Road, Basement Parking Lot, San Jose, Tagaytay City, Cavite",Mode 3 (AC),Type 2,,,"14.3690094,120.6986932,10z",14.3690094,120.6986932,Tagaytay City, Cavite
evcs0370,ACMobility EV Charging Hub - Ayala Malls Serin,"Nasugbu Highway, Silang Junction South, Gf, Silang Junction South, Tagaytay City, Cavite",Mode 3 (AC),Type 2,,,"14.3688745,120.6986932,10z",14.3688745,120.6986932,Tagaytay City, Cavite
evcs0371,SM City Sto. Tomas,"Maharlika Highway, Sm City Sto. Tomas, Basement Parking, San Bartolome, Santo Tomas, Batangas",Mode 3 (AC),Type 2,,,"14.3651921,120.7536143,10z",14.3651921,120.7536143,Santo Tomas, Batangas
evcs0372,Skyranch Tagaytay,"Kaybagal South, Tagaytay-Nasugbu Highway, Skyranch Tagaytay, Beside Phase 2 Entrance, Kaybagal South (Pob.), Tagaytay City, Cavite",Mode 3 (AC),Type 2,,,"14.3601214,120.6892656,10z",14.3601214,120.6892656,Tagaytay City, Cavite
evcs0373,Escala - Tagaytay,"Basement 1, Maharlika West, Tagaytay City, Cavite",Mode 3 (AC),Type 2,,GB/T AC,"14.3596398,120.6910919,10z",14.3596398,120.6910919,Tagaytay City, Cavite
evcs0374,Solarius EV Charging - Splendido Tagaytay Hotel,"Tagaytay - Nasugbu Hwy, 2nd Floor Parking Area, Dayap Itaas, Laurel, Batangas",Mode 3 (AC),Type 2,,,"14.3489274,120.6491035,10z",14.3489274,120.6491035,Laurel, Batangas
evcs0375,SM City San Pablo,"Maharlika Highway, Sm City San Pablo, 2nd Level, Mall Admin Office, San Rafael, San Pablo City, Laguna",Mode 3 (AC),Type 2,,,"14.3410719,120.8369238,10z",14.3410719,120.8369238,San Pablo City, Laguna
evcs0376,Solarius EV Charging - La Balconia,"Tali Beach, Coral Rd, Corner Seaside Drive, Ground Floor- La Balconia, Balaytigui, Nasugbu, Batangas",Mode 3 (AC),Type 2,,,"14.3355578,120.5201819,10z",14.3355578,120.5201819,Nasugbu, Batangas
evcs0377,GET PHILIPPINES INC - LIMA TECHNOLOGY CENTER,"Pass Control, Lima Technology Center, Ground Floor, Santiago, Malvar, Batangas",Mode 4 (DC),CCS Combo 2,,,"14.3164659,120.761552,10z",14.3164659,120.761552,Malvar, Batangas
evcs0378,ACMobility EV Charging Hub - Summit Point Golf and Country Club,"Clubhouse Main Parking, Gf, Plaridel, Lipa City, Batangas",Mode 3 (AC),Type 2,,,"14.2970442,120.7739751,10z",14.2970442,120.7739751,Lipa City, Batangas
evcs0379,SM City Lipa,"J.P. Laurel Highway, Sm City Lipa, 2nd Floor North, Carpark Building, Sabang, Lipa City, Batangas",Mode 3 (AC),Type 2,,,"14.2898894,120.7604961,10z",14.2898894,120.7604961,Lipa City, Batangas
evcs0380,SM Center Lemery,"Illustre Ave Cor P Gomez Street, Sm Center Lemery, Ground Floor, District Iv (Pob.), Lemery, Batangas",Mode 3 (AC),Type 2,,,"14.2443253,120.6702843,10z",14.2443253,120.6702843,Lemery, Batangas
evcs0381,ACMobility EV Charging Hub - PTT New Lucena,"Diversion Road, Gf, Mayao Kanluran, Lucena City, Quezon",Mode 3 (AC),Type 2,Mode 4 (DC),CCS Combo 2,"14.225096,121.0046022,10z",14.225096,121.0046022,Lucena City, Quezon
evcs0382,SM City Lucena,"Sm City Lucena, Ground Floor, Open Parking A, Ibabang Dupay, Lucena City, Quezon",Mode 3 (AC),Type 2,,,"14.225096,121.0016579,10z",14.225096,121.0016579,Lucena City, Quezon
evcs0383,ACMobility EV Charging Hub - Giant Gasoline Station,"Eco Tourism Road, Gf, Isabang, Lucena City, Quezon",Mode 3 (AC),Type 2,,,"14.225096,120.9805172,10z",14.225096,120.9805172,Lucena City, Quezon
evcs0384,SM City Daet,"Sm City Daet, Ground Floor, North Road Parking Near Gate 2, Lag-On, Daet, Camarines Norte",Mode 3 (AC),Type 2,,,"14.2217024,120.669598,8z",14.2217024,120.669598,Daet, Camarines Norte
evcs0385,SM City Batangas,"Sm City Batangas, Ground Floor, Open Parking D1 And D2, Pallocan Kanluran, Batangas City, Batangas",Mode 3 (AC),Type 2,,,"14.1907847,120.7560937,10z",14.1907847,120.7560937,Batangas City, Batangas
evcs0386,SM City Naga,"Ninoy And Cory Avenue, Sm City Naga, Ground Floor Level 1 Carpark, Triangulo, Naga City, Camarines Sur",Mode 3 (AC),Type 2,,,"14.0879954,120.7922884,8z",14.0879954,120.7922884,Naga City, Camarines Sur
evcs0387,ACMobility EV Charging Hub - Landers Superstore Naga,"Diversion Rd Roxas Ave, Gf, Triangulo, Naga City, Camarines Sur",Mode 3 (AC),Type 2,,,"14.0879954,120.7921428,8z",14.0879954,120.7921428,Naga City, Camarines Sur
evcs0388,ACMobility EV Charging Hub - BYD Dealership Camsur,"Maharlika Highway, Gf, San Jose, Pili, Camarines Sur",Mode 4 (DC),CCS Combo 2,,,"14.0772682,120.8329481,8z",14.0772682,120.8329481,Pili, Camarines Sur
evcs0389,"Sysnet Integrators, Inc. El Pueblo Rhizort","El Pueblo Rhizort Ground Level, Mahal Na Pangalan, City Of Calapan, Oriental Mindoro",Mode 3 (AC),GB/T AC,,,"13.9880655,120.4001911,9z",13.9880655,120.4001911,Calapan City, Oriental Mindoro
evcs0390,ACMobility EV Charging Hub - Ayala Malls Legazpi,"Rizal Street, Basement, Bgy. 36 - Kapantawan (Pob.), Legazpi City, Albay",Mode 3 (AC),Type 2,,,"13.8722953,119.7507635,7z",13.8722953,119.7507635,Legazpi City, Albay
evcs0391,SM City Legazpi,"Imelda Roces Avenue, Sm City Legazpi, Ground Level Carpark Building, Bgy. 37 - Bitano (Pob.), Legazpi City, Albay",Mode 3 (AC),Type 2,,,"13.8704921,119.7460902,7z",13.8704921,119.7460902,Legazpi City, Albay
evcs0392,SM City Sorsogon,"Sm City Sorsogon, Ground Floor, North Parking Near Entrance 1, Balogo, Sorsogon City, Sorsogon",Mode 3 (AC),Type 2,,,"13.7811639,119.8845136,7z",13.7811639,119.8845136,Sorsogon City, Sorsogon
evcs0393,Gerweiss Motors Corporation,"Loop Road, Escondido Beach Resort, Balabag, Malay, Aklan",BSS,,,,"13.2717009,120.132466,8z",13.2717009,120.132466,Malay, Aklan
evcs0394,ACMobility EV Charging Hub - Robinsons Place (Roxas),"Immaculate Heart Of Mary Avenue, Pueblo De Panay, Gf, Lawa-An, Roxas City, Capiz",Mode 3 (AC),Type 2,,,"13.048812,120.5347416,8z",13.048812,120.5347416,Roxas City, Capiz
evcs0395,SM Center Ormoc,"Real St. Highway, Sm Center Ormoc, Ground Level Parking, Barangay 14 (Pob.), Ormoc City, Leyte",Mode 3 (AC),Type 2,,,"12.8050114,120.4077192,7z",12.8050114,120.4077192,Ormoc City, Leyte
evcs0396,ACMobility EV Charging Hub - Prince Express (Santa Fe),"C. Batiancila Street, Gf, Suba (Pob.), Bantayan, Cebu",Mode 3 (AC),Type 2,,,"12.7489421,119.8869766,7z",12.7489421,119.8869766,Bantayan, Cebu
evcs0397,SMI - ESCALANTE,"Gomez St., Ground Floor, 90.6 Fm Hometown Radio, Balintawak (Pob.), Escalante City, Negros Occidental",Mode 3 (AC),Type 2,,,"12.7178735,119.5854644,7z",12.7178735,119.5854644,Escalante City, Negros Occidental
evcs0398,ACMobility EV Charging Hub - Prince Warehouse (Bogo),"V Dela Vina Street, Gf, Gairan, Bogo City, Cebu",Mode 3 (AC),Type 2,Mode 4 (DC),,"12.709451,119.8869751,7z",12.709451,119.8869751,Bogo City, Cebu
evcs0399,ACMobility EV Charging Hub - BPI Silay,"Corner Rizal & Jp Ledesma Streets, Gf, Barangay Iii (Pob.), Silay City, Negros Occidental",Mode 3 (AC),Type 2,,,"12.7083566,120.6914561,8z",12.7083566,120.6914561,Silay City, Negros Occidental
evcs0400,ACMobility EV Charging Hub - Prince SuperStore (Sogod),"North Road, Gf, Damolog, Sogod, Cebu",Mode 3 (AC),Type 2,Mode 4 (DC),CCS Combo 2,"12.6834046,119.8869741,7z",12.6834046,119.8869741,Sogod, Cebu
evcs0401,ACMobility EV Charging Hub - Robinsons Place (Antique),"National Highway, Gf, San Angel, San Jose, Antique",Mode 3 (AC),Type 2,,,"12.6774965,120.209515,8z",12.6774965,120.209515,San Jose, Antique
evcs0402,Solarius EV Charging - Sitari Condo Bacolod,"Lacson Street, 3rd Floor, Mandalagan, Bacolod City, Negros Occidental",Mode 3 (AC),Type 2,,,"12.643736,119.3690181,7z",12.643736,119.3690181,Bacolod City, Negros Occidental
evcs0403,SMI - RIVERSIDE,"Beside Riverside ChapelSan Agustin Drive, Gf Kaffe Sadtu, Barangay 5 (Pob.), Bacolod City, Negros Occidental",Mode 3 (AC),Type 2,,,"12.641613,119.369018,7z",12.641613,119.369018,Bacolod City, Negros Occidental
evcs0404,ACMobility EV Charging Hub - BPI Bacolod Capitol,"17th Street, Corner Lacson St., Gf, Barangay 7 (Pob.), Bacolod City, Negros Occidental",Mode 3 (AC),Type 2,,,"12.6401802,119.369018,7z",12.6401802,119.369018,Bacolod City, Negros Occidental
evcs0405,ACMobility EV Charging Hub - Ayala Malls Central Capitol Bacolod,"South Capitol Road, Gf, Barangay 8 (Pob.), Bacolod City, Negros Occidental",Mode 4 (DC),CCS Combo 2,,,"12.6378844,119.3690179,7z",12.6378844,119.3690179,Bacolod City, Negros Occidental
evcs0406,ACMobility EV Charging Hub - SEDA Capitol Bacolod,"Lacson Street, Gf, Barangay 4 (Pob.), Bacolod City, Negros Occidental",Mode 3 (AC),Type 2,,,"12.6359674,119.3814126,7z",12.6359674,119.3814126,Bacolod City, Negros Occidental
evcs0407,SM City Bacolod,"Rizal Street, Reclamation Area, Bacolod City, Sm City Bacolod, North Block, 2nd Level Carpark Building, Barangay 12 (Pob.), Bacolod City, Negros Occidental",Mode 3 (AC),Type 2,,,"12.6329371,119.3814125,7z",12.6329371,119.3814125,Bacolod City, Negros Occidental
evcs0408,SMI - TACULING,"Corazon Aquino Dr., Gf Kaffe Sadtu, Taculing, Bacolod City, Negros Occidental",Mode 3 (AC),Type 2,,,"12.6280169,119.3814123,7z",12.6280169,119.3814123,Bacolod City, Negros Occidental
evcs0409,ACMobility EV Charging Hub - Prince Hypermart (Camotes,"Gf, Northern Poblacion, San Francisco, Cebu",Mode 3 (AC),Type 2,,,"12.5940826,120.3688136,7z",12.5940826,120.3688136,San Francisco, Cebu
evcs0410,ACMobility EV Charging Hub - Richmonde Hotel (Iloilo),"Megaworld Boulevard Cor Enterprise Road Iloilo Business Park Mandurriao, Gf, San Rafael, Iloilo City, Iloilo",Mode 3 (AC),Type 2,,,"12.5821702,119.1757549,7z",12.5821702,119.1757549,Iloilo City, Iloilo
evcs0411,SM Strata,"Diversion Road, Sm Strata, 2nd Level, Carpark Building, Bolilao, Iloilo City, Iloilo",Mode 3 (AC),Type 2,,,"12.5821702,119.1757549,7z",12.5821702,119.1757549,Iloilo City, Iloilo
evcs0412,SkyBright New Energy PH,"Donato Pison Ave, Unit 6, San Rafael, Iloilo City, Iloilo",Mode 3 (AC),Type 2,,,"12.5821702,119.1757549,7z",12.5821702,119.1757549,Iloilo City, Iloilo
evcs0413,ACMobility EV Charging Hub - SEDA Hotel Atria,"Donato Pison Ave, Gf, San Rafael, Iloilo City, Iloilo",Mode 3 (AC),Type 2,,,"12.5821702,119.1757549,7z",12.5821702,119.1757549,Iloilo City, Iloilo
evcs0414,ACMobility EV Charging Hub - BPI Iloilo General Luna,"General Luna St, Gf, San Pedro (Jaro), Iloilo City, Iloilo",Mode 3 (AC),Type 2,,,"12.5821702,119.1757549,7z",12.5821702,119.1757549,Iloilo City, Iloilo
evcs0415,ACMobility EV Charging Hub - BPI Iloilo Solis,"Corner Solis & Iznart Streets, Gf, President Roxas, Iloilo City, Iloilo",Mode 3 (AC),Type 2,,,"12.5821702,119.1757549,7z",12.5821702,119.1757549,Iloilo City, Iloilo
evcs0416,Solarius EV Charging - Citadines Amigo Iloilo,"Citadines Amigo, Iznart Street, Ground Floor Parking Lot, Danao, Iloilo City, Iloilo",Mode 3 (AC),Type 2,,,"12.5821702,119.1757549,7z",12.5821702,119.1757549,Iloilo City, Iloilo
evcs0417,ACMobility EV Charging Hub - Robinsons Place (Iloilo),"Corner De Leon-Quezon Street, 2f, Roxas Village, Iloilo City, Iloilo",Mode 3 (AC),Type 2,,,"12.5821702,119.1757549,7z",12.5821702,119.1757549,Iloilo City, Iloilo
evcs0418,ACMobility EV Charging Hub - Club Filipino Inc. De Cebu Golf Course,"Pulang Yuta, Gf, Looc, Danao City, Cebu",Mode 3 (AC),Type 2,,,"12.5536976,119.8869691,7z",12.5536976,119.8869691,Danao City, Cebu
evcs0419,ACMobility EV Charging Hub - TOPS Cebu,"Tops Road, Gf Of Steel Parking Area, Busay (Pob.), Cebu City, Cebu",Mode 3 (AC),Type 2,Mode 4 (DC),CCS Combo 2,"12.4808104,120.3688093,7z",12.4808104,120.3688093,Cebu City, Cebu
evcs0420,ACMobility EV Charging Hub - BYD Dealership Cebu,"417 A.C. Cortes Avenue,, Gf, Cambaro, Mandaue City, Cebu",Mode 3 (AC),Type 2,Mode 4 (DC),CCS Combo 2,"12.4659333,120.3688087,7z",12.4659333,120.3688087,Mandaue City, Cebu
evcs0421,SM City J Mall,"165 A.S Fortuna Street, Sm City J Mall, Lower Ground Floor Parking, Bakilid, Mandaue City, Cebu",Mode 3 (AC),Type 2,,,"12.4659333,120.3688087,7z",12.4659333,120.3688087,Mandaue City, Cebu
evcs0422,ACMobility EV Charging Hub - Ayala Malls Central Bloc,"I. Villa St. Brgy. Apas, B1, Apas, Cebu City, Cebu",Mode 3 (AC),Type 2,,,"12.4637849,120.3688086,7z",12.4637849,120.3688086,Cebu City, Cebu
evcs0423,ACMobility EV Charging Hub - City Time Square Mandaue,"Mantawi Drive, Gf, Tipolo, Mandaue City, Cebu",Mode 3 (AC),Type 2,,GB/T AC,"12.4617142,120.3688086,7z",12.4617142,120.3688086,Mandaue City, Cebu
evcs0424,"PHILIPPINE HORIZON HOTEL, INC.","Corner Ouano Avenue And C.D. Seno Street, Csseaz, Ground Level Parking Lot, In Front Of Wallstreet Coffee + Bar, Mantuyong, Mandaue City, Cebu",Mode 3 (AC),Type 2,,,"12.4617142,120.3688086,7z",12.4617142,120.3688086,Mandaue City, Cebu
evcs0425,ACMobility EV Charging Hub - Landers Superstore Cebu,"Cardinal Rosales Ave. Cor Pope John Paul Ii Ave, Gf, 23 Minore Park, Luz, Cebu City, Cebu",Mode 3 (AC),Type 2,,,"12.4580897,120.3688084,7z",12.4580897,120.3688084,Cebu City, Cebu
evcs0426,ACMobility EV Charging Hub - Ayala Center Cebu,"Cebu Business Park, Archbishop Reyes Avenue Cor. Cardinal Rosales Avenue, B1, Luz, Cebu City, Cebu",Mode 3 (AC),Type 2,,,"12.4565514,120.3688084,7z",12.4565514,120.3688084,Cebu City, Cebu
evcs0427,Solarius EV Charger - Quest Hotel Cebu,"Archbishop Reyes Avenue, 4th Floor Parking Area-Quest Hotel Cebu, Camputhaw (Pob.), Cebu City, Cebu",Mode 3 (AC),Type 2,,,"12.4565514,120.3688084,7z",12.4565514,120.3688084,Cebu City, Cebu
evcs0428,SM City Cebu,"Juan Luna Avenue Cor. Cabahug And Kaoshiung Streets, North Reclamation Area, Sm City Cebu, 3rd Floor Multi-Level Carpark Building A, Mabolo, Cebu City, Cebu",Mode 3 (AC),Type 2,,,"12.454337,120.3688083,7z",12.454337,120.3688083,Cebu City, Cebu
evcs0429,ACMobility EV Charging Hub - BPI Cebu North Reclamation,"Juan Luna Ave, Corner J. De Veyra St, Gf, Mabolo, Cebu City, Cebu",Mode 3 (AC),Type 2,,,"12.454337,120.3688083,7z",12.454337,120.3688083,Cebu City, Cebu
evcs0430,ACMobility EV Charging Hub -Gaisano Mall of Cebu,"A. Soriano Ave. North Reclamation Area, Gf, Carreta, Cebu City, Cebu",Mode 3 (AC),Type 2,,,"12.4543213,120.3688083,7z",12.4543213,120.3688083,Cebu City, Cebu
evcs0431,ACMobility EV Charging Hub - Vibo Place,"N Escario St, Gf, San Nicolas Central, Cebu City, Cebu",Mode 3 (AC),Type 2,,,"12.4543168,120.3688083,7z",12.4543168,120.3688083,Cebu City, Cebu
evcs0432,Solarius EV Charging-Citadines Cebu City,"Citadines Cebu City, Juana Osmena Street, Capitol Sote, Tower 1, Gf Base Line Center, Capitol Site (Pob.), Cebu City, Cebu",Mode 3 (AC),Type 2,,,"12.4543168,120.3688083,7z",12.4543168,120.3688083,Cebu City, Cebu
evcs0433,ACMobility EV Charging Hub - BPI Cebu Capitol,"Jasmin Street, Cor Osmeña Blvd,, Gf, Capitol Site (Pob.), Cebu City, Cebu",Mode 3 (AC),Type 2,,,"12.4543168,120.3688083,7z",12.4543168,120.3688083,Cebu City, Cebu
evcs0434,ACMobility EV Charging Hub - BYD Dealership Cebu Central,"J. De Veyra St. North Reclamation Area, Gf, Carreta, Cebu City, Cebu",Mode 3 (AC),Type 2,,,"12.4543168,120.3688083,7z",12.4543168,120.3688083,Cebu City, Cebu
evcs0435,LG Garden Walk,"M.L. Quezon National Highway, Ground Floor, Mactan, Lapu-Lapu City (Opon), Cebu",Mode 3 (AC),Type 2,,,"12.4532552,120.3688082,7z",12.4532552,120.3688082,Lapu-Lapu City (Opon), Cebu
evcs0436,ACMobility EV Charging Hub - BPI Cebu Jones,"Osmeña Blvd, Gf, Santa Cruz (Pob.), Cebu City, Cebu",Mode 3 (AC),Type 2,,,"12.4507301,120.3688081,7z",12.4507301,120.3688081,Cebu City, Cebu
evcs0437,V-Green Cebu Depot,"F. Vestil, Mambaling, Cebu City, Cebu",Mode 4 (DC),CCS Combo 2,,,"12.4408751,120.3688078,7z",12.4408751,120.3688078,Cebu City, Cebu
evcs0438,SM Seaside City Cebu,"South Road Properties, Sm Seaside City Cebu, 2nd Level Parking, Mountain Wing, Mambaling, Cebu City, Cebu",Mode 3 (AC),Type 2,,,"12.4398306,120.3688077,7z",12.4398306,120.3688077,Cebu City, Cebu
evcs0439,Nustar Resort & Casino,"Kawit Island, Lower Ground Floor Parking, Kalubihan (Pob.), Cebu City, Cebu",Mode 3 (AC),Type 2,,,"12.4325948,119.8869644,7z",12.4325948,119.8869644,Cebu City, Cebu
evcs0440,ACMobility EV Charging Hub - BYD Dealership IL Corso,"Il Corso Filinvest Malls, City Di Mare, South Road Properties, Gf, Mambaling, Cebu City, Cebu",Mode 3 (AC),Type 2,,,"12.4302071,120.3688074,7z",12.4302071,120.3688074,Cebu City, Cebu
evcs0441,ACMobility EV Charging Hub - Prince Express (Dumanjug),"Tangil Port ,Santander, Gf, Tangil, Dumanjug, Cebu",Mode 3 (AC),Type 2,,,"12.3349186,119.8869607,7z",12.3349186,119.8869607,Dumanjug, Cebu
evcs0442,ACMobility EV Charging Hub - BPI Negros Kabankalan,"Guanzon St, Gf, Barangay 3 (Pob.), Kabankalan City, Negros Occidental",Mode 3 (AC),Type 2,,,"12.2969123,119.3813996,7z",12.2969123,119.3813996,Kabankalan City, Negros Occidental
evcs0443,SMI - TAYASAN,"#338 Western Nautical Highway, Ground Floor (Beside Bisayang Manok Restaurant Sa Tayasan), Poblacion, Tayasan, Negros Oriental",Mode 3 (AC),Type 2,,,"12.2630555,119.886958,7z",12.2630555,119.886958,Tayasan, Negros Oriental
evcs0444,ACMobility EV Charging Hub - BYD Dealership Palawan,"Km 5 North National Highway, Gf, San Jose, Puerto Princesa City, Palawan",Mode 3 (AC),Type 2,Mode 4 (DC),CCS Combo 2,"12.1904682,117.260328,7z",12.1904682,117.260328,Puerto Princesa City, Palawan
evcs0445,ACMobility EV Charging Hub - Robinsons Place (Dumaguete),"Dumaguete Business Park, Gf, Calindagan, Dumaguete City, Negros Oriental",Mode 3 (AC),Type 2,,,"11.9488472,119.2084827,7z",11.9488472,119.2084827,Dumaguete City, Negros Oriental
evcs0446,ACMobility EV Charging Hub - Robinsons Place (Butuan),"J C Aquino Ave, Gf, Bayanihan Pob. (Bgy. 27), Butuan City, Agusan Del Norte",Mode 3 (AC),Type 2,,,"11.7718564,120.6814845,7z",11.7718564,120.6814845,Butuan City, Agusan Del Norte
evcs0447,ACMobility EV Charging Hub - BYD Dealership Dipolog,"National Highway, Gf, Galas, Dipolog City, Zamboanga Del Norte",Mode 3 (AC),Type 2,Mode 4 (DC),CCS Combo 2,"11.5819051,119.5308644,7z",11.5819051,119.5308644,Dipolog City, Zamboanga Del Norte
evcs0448,JMJ SOLAR,"Jmj Solar, Alegria, San Francisco, Agusan Del Sur",Mode 3 (AC),Type 2,,,"11.5152867,118.2207257,6z",11.5152867,118.2207257,San Francisco, Agusan Del Sur
evcs0449,"ACMobility EV Charging Hub - Tourist Rest Area - M. Fortich, Bukidnon","Purok 2, Gf, Tankulan (Pob.), Manolo Fortich, Bukidnon",Mode 3 (AC),Type 2,,,"11.4846522,120.6814742,7z",11.4846522,120.6814742,Manolo Fortich, Bukidnon
evcs0450,ACMobility EV Charging Hub - Robinsons Place (Iligan),"Macapagal Avenue, Gf, Tubod, Iligan City, Lanao Del Norte",Mode 3 (AC),Type 2,,,"11.3193315,120.642571,7z",11.3193315,120.642571,Iligan City, Lanao Del Norte
evcs0451,ACMobility EV Charging Hub - BPI Cagayan de Oro Lapasan,"Claro M. Recto Ave, Gf, Lapasan, Cagayan De Oro City, Misamis Oriental",Mode 3 (AC),Type 2,,,"11.3193315,120.642571,7z",11.3193315,120.642571,Cagayan De Oro City, Misamis Oriental
evcs0452,SM City Cagayan De Oro Downtown Premier,"C.M. Recto Ave Corner Osmeña St., Sm City Cagayan De Oro Downtown Premier, 2nd Level Carpark Building, Barangay 24 (Pob.), Cagayan De Oro City, Misamis Oriental",Mode 3 (AC),Type 2,,,"11.3193315,120.642571,7z",11.3193315,120.642571,Cagayan De Oro City, Misamis Oriental
evcs0453,ACMobility EV Charging Hub - Ayala Malls Centrio (CDO),"Claro M. Recto Cor Corrales Ave, B1, Barangay 26 (Pob.), Cagayan De Oro City, Misamis Oriental",Mode 3 (AC),Type 2,,,"11.3193315,120.642571,7z",11.3193315,120.642571,Cagayan De Oro City, Misamis Oriental
evcs0454,ACMobility EV Charging Hub - BPI Cagayan de Oro - Cogon,"Osmena Street, Cogon, Gf, Barangay 34 (Pob.), Cagayan De Oro City, Misamis Oriental",Mode 3 (AC),Type 2,,,"11.3193315,120.642571,7z",11.3193315,120.642571,Cagayan De Oro City, Misamis Oriental
evcs0455,ACMobility EV Charging Hub - BPI Cagayan de Oro Main,"Velez St, Cor J.R. Borja Street, Gf, Barangay 9 (Pob.), Cagayan De Oro City, Misamis Oriental",Mode 3 (AC),Type 2,,,"11.3193315,120.642571,7z",11.3193315,120.642571,Cagayan De Oro City, Misamis Oriental
evcs0456,SM City Cagayan De Oro Uptown,"Masterson Corner Gran Via, Sm City Cagayan De Oro Uptown, 2nd Level Carpark Building, Carmen, Cagayan De Oro City, Misamis Oriental",Mode 3 (AC),Type 2,,,"11.3193315,120.642571,7z",11.3193315,120.642571,Cagayan De Oro City, Misamis Oriental
evcs0457,ACMobility EV Charging Hub - Robinsons Place (Valencia),"P15, Gf, Bagontaas, Valencia City, Bukidnon",Mode 3 (AC),Type 2,,,"11.267729,120.6425692,7z",11.267729,120.6425692,Valencia City, Bukidnon
evcs0458,ACMobility EV Charging Hub - Robinsons Place (Pagadian),"F.S. Pajares Ave Cor P.L. Urro St, Cor Vicencio Sagun St,, Gf, San Francisco (Pob.), Pagadian City, Zamboanga Del Sur",Mode 3 (AC),Type 2,,,"11.2143141,119.6082206,7z",11.2143141,119.6082206,Pagadian City, Zamboanga Del Sur
evcs0459,ACMobility EV Charging Hub - Landers Superstore Davao,"Lot 1, K-1 And C-4, F. Torres St., Gf, Barangay 12-B (Pob.), Davao City, Davao Del Sur",Mode 3 (AC),Type 2,,,"10.8081264,118.2620557,6z",10.8081264,118.2620557,Davao City, Davao Del Sur
evcs0460,SM City Zamboanga,"Mayor Vitaliano Avenue, Sm City Zamboanga, 3rd Level Parking, Camino Nuevo, Zamboanga City, Zamboanga Del Sur",Mode 3 (AC),Type 2,,,"10.7518919,119.1544395,7z",10.7518919,119.1544395,Zamboanga City, Zamboanga Del Sur
evcs0461,SM City Mindpro,"La Purisima Street, Sm City Mindpro, 3rd Level Parking, Barangay Zone Iii (Pob.), Zamboanga City, Zamboanga Del Sur",Mode 3 (AC),Type 2,,,"10.7518919,119.1544395,7z",10.7518919,119.1544395,Zamboanga City, Zamboanga Del Sur
evcs0462,ACMobility EV Charging Hub - Gaisano Mall of Tagum,"National Highway, Britz District, Gf, Visayan Village, City Of Tagum, Davao (Davao Del Norte)",Mode 3 (AC),Type 2,,,"10.6441299,118.2231243,6z",10.6441299,118.2231243,Tagum City, Davao (Davao Del Norte)
evcs0463,ACMobility EV Charging Hub - Gaisano Mall of Digos,"Quiriaso Avenue, Gf, Tres De Mayo, Digos City, Davao Del Sur",Mode 3 (AC),Type 2,,,"10.6441299,118.2231243,6z",10.6441299,118.2231243,Digos City, Davao Del Sur
evcs0464,ACMobility EV Charging Hub - The Residences at Azuela Cove,"31st Street, Gf, Vicente Hizon Sr., Davao City, Davao Del Sur",Mode 3 (AC),Type 2,,,"10.6441299,118.2231243,6z",10.6441299,118.2231243,Davao City, Davao Del Sur
evcs0465,SM Lanang Premier,"J.P. Laurel Ave., Davao City, Sm Lanang Premier, Basement Parking, San Antonio, Davao City, Davao Del Sur",Mode 3 (AC),Type 2,,,"10.6441299,118.2231243,6z",10.6441299,118.2231243,Davao City, Davao Del Sur
evcs0466,ACMobility EV Charging Hub - Abreeza Mall Davao,"Parking Entrance, Near Jollibee, B1, Barangay 20-B (Pob.), Davao City, Davao Del Sur",Mode 3 (AC),Type 2,,,"10.6441299,118.2231243,6z",10.6441299,118.2231243,Davao City, Davao Del Sur
evcs0467,ACMobility EV Charging Hub - Abreeza Residences Condominium Corporation,"Km 3 J.P. Laurel Ave, Gf, Barangay 20-B (Pob.), Davao City, Davao Del Sur",Mode 3 (AC),Type 2,,,"10.6441299,118.2231243,6z",10.6441299,118.2231243,Davao City, Davao Del Sur
evcs0468,ACMobility EV Charging Hub - Gaisano Mall of Davao,"J.P Laurel Ave, Bajada, Gf, Barangay 9-A (Pob.), Davao City, Davao Del Sur",Mode 3 (AC),Type 2,,,"10.6441299,118.2231243,6z",10.6441299,118.2231243,Davao City, Davao Del Sur
evcs0469,GET PHILIPPINES INC - DLPC DAVAO CITY,"Bangoy, Davao Light And Power Company - Main Office, Barangay 4-A (Pob.), Davao City, Davao Del Sur",Mode 4 (DC),CCS Combo 2,,,"10.6441299,118.2231243,6z",10.6441299,118.2231243,Davao City, Davao Del Sur
evcs0470,ACMobility EV Charging Hub - BPI Davao Main,"Lot 40a Cm Recto Avenue, Gf, Barangay 34-D (Pob.), Davao City, Davao Del Sur",Mode 3 (AC),Type 2,,,"10.6441299,118.2231243,6z",10.6441299,118.2231243,Davao City, Davao Del Sur
evcs0471,"Department of Energy - Talomo, Davao","A. Candelaria Street, Ecoland Drive, Ground Floor In Front Of Tolentino 2020 Building, Talomo (Pob.), Davao City, Davao Del Sur",Mode 3 (AC),GB/T AC,,,"10.6441299,118.2231243,6z",10.6441299,118.2231243,Davao City, Davao Del Sur
evcs0472,SM City Davao,"Quimpo Blvd, Davao City, Sm City Davao, 3rd Floor Level, Carpark Mall Expansion Building, Bucana, Davao City, Davao Del Sur",Mode 3 (AC),Type 2,,,"10.6441299,118.2231243,6z",10.6441299,118.2231243,Davao City, Davao Del Sur
evcs0473,ACMobility EV Charging Hub - Shell Matina Enclaves Davao,"166 Quimpo Blvd, Gf, Talomo (Pob.), Davao City, Davao Del Sur",Mode 4 (DC),CCS Combo 2,,,"10.6441299,118.2231243,6z",10.6441299,118.2231243,Davao City, Davao Del Sur
evcs0474,SOUTHERN MALIGAYA TAXI INC.,"Pag-Asa, Pag-Asa Village, Matina Aplaya, Davao City, Davao Del Sur",Mode 4 (DC),GB/T DC,,,"10.6441299,118.2231243,6z",10.6441299,118.2231243,Davao City, Davao Del Sur
evcs0475,ACMobility EV Charging Hub - Shell Bago Aplaya Talomo,"Talomo District, Gf, Bago Aplaya, Davao City, Davao Del Sur",Mode 4 (DC),CCS Combo 2,,,"10.6441299,118.2231243,6z",10.6441299,118.2231243,Davao City, Davao Del Sur